IdLineaPunto	IdLineaRuta	IdPunto	Orden	Latitud	Longitud	Distancia	Tiempo
86	1	1766	86	-17,782792	-63,170335	0	0
87	1	1718	87	-17,782882	-63,171189	91,1	0,27
88	1	1719	88	-17,782936	-63,171782	63,16	0,19
89	1	1996	89	-17,782795	-63,172136	40,65	0,12
90	1	1711	90	-17,782451	-63,172197	38,62	0,12
91	1	1706	91	-17,781988	-63,172276	51,92	0,16
92	1	1761	92	-17,780853	-63,172419	126,53	0,38
93	1	1712	93	-17,780187	-63,172513	74,38	0,22
94	1	1795	94	-17,779521	-63,172609	74,41	0,22
95	1	715	95	-17,779421	-63,172831	26,01	0,08
96	1	1275	96	-17,779694	-63,173995	127,07	0,38
97	1	1457	97	-17,779851	-63,174992	107,14	0,32
98	1	1456	98	-17,780134	-63,176729	186,83	0,56
99	1	1256	99	-17,780287	-63,177664	100,58	0,3
100	1	1814	100	-17,780457	-63,17877	118,77	0,36
101	1	1790	101	-17,781499	-63,178509	118,6	0,36
102	1	1687	102	-17,782498	-63,178337	112,06	0,34
103	1	1670	103	-17,783533	-63,178252	114,91	0,34
104	1	1669	104	-17,784542	-63,178153	112,17	0,34
105	1	1671	105	-17,78538	-63,178014	93,91	0,28
106	1	1783	106	-17,786312	-63,177796	105,71	0,32
107	1	1684	107	-17,786529	-63,17884	113,27	0,34
108	1	1349	108	-17,786742	-63,180125	138,28	0,41
109	1	1455	109	-17,786915	-63,181232	118,93	0,36
110	1	1454	110	-17,787091	-63,182301	115,01	0,35
111	1	1271	111	-17,787249	-63,183332	110,71	0,33
112	1	1785	112	-17,78739	-63,184373	111,48	0,33
113	1	1832	113	-17,787582	-63,185345	105,23	0,32
114	1	1699	114	-17,787741	-63,186242	96,72	0,29
115	1	1722	115	-17,787795	-63,18644	21,83	0,07
116	1	1749	116	-17,787892	-63,186668	26,45	0,08
117	1	1727	117	-17,78812	-63,187282	69,82	0,21
118	1	1833	118	-17,788624	-63,187739	73,89	0,22
119	1	1831	119	-17,788777	-63,18791	24,81	0,07
120	1	2042	120	-17,789441	-63,187715	76,34	0,23
121	1	2043	121	-17,789529	-63,187634	12,99	0,04
122	1	1805	122	-17,789776	-63,187556	28,56	0,09
123	1	1803	123	-17,790604	-63,187434	92,55	0,28
124	1	1809	124	-17,791654	-63,187289	117,22	0,35
125	1	1806	125	-17,791769	-63,187274	12,83	0,04
126	1	1895	126	-17,792258	-63,187208	54,57	0,16
127	1	1804	127	-17,792977	-63,187107	80,29	0,24
128	1	1892	128	-17,793126	-63,187101	16,5	0,05
129	1	1891	129	-17,793205	-63,187171	11,47	0,03
130	1	1890	130	-17,793354	-63,187424	31,49	0,09
131	1	19	131	-17,793855	-63,188001	82,57	0,25
323	2	1888	97	-17,794736	-63,188725	0	0
324	2	1889	98	-17,793736	-63,187611	161,87	0,49
325	2	2278	99	-17,793495	-63,187344	38,9	0,12
326	2	1830	100	-17,793408	-63,187153	22,42	0,07
327	2	1829	101	-17,793487	-63,18704	14,83	0,04
328	2	1828	102	-17,793375	-63,186783	29,94	0,09
329	2	1893	103	-17,793185	-63,186796	21,07	0,06
330	2	1894	104	-17,793071	-63,186873	15,03	0,05
331	2	1801	105	-17,792233	-63,186996	93,66	0,28
332	2	1896	106	-17,791643	-63,187061	65,66	0,2
333	2	1802	107	-17,790455	-63,187233	132,74	0,4
334	2	1897	108	-17,789761	-63,187347	77,76	0,23
335	2	723	109	-17,789356	-63,187411	45,34	0,14
336	2	1755	110	-17,789103	-63,186398	111	0,33
337	2	1810	111	-17,788808	-63,18514	137,32	0,41
338	2	1352	112	-17,788572	-63,184187	104,37	0,31
339	2	1270	113	-17,788338	-63,18317	110,9	0,33
340	2	1458	114	-17,788132	-63,182164	109,08	0,33
341	2	1470	115	-17,78787	-63,181086	117,92	0,35
342	2	1348	116	-17,787589	-63,180041	115,08	0,35
343	2	1672	117	-17,78724	-63,178686	148,77	0,45
344	2	1784	118	-17,786982	-63,177644	114,12	0,34
345	2	1274	119	-17,786765	-63,176743	98,51	0,3
346	2	1654	120	-17,786001	-63,176877	85,74	0,26
347	2	1273	121	-17,785223	-63,177004	87,15	0,26
348	2	1272	122	-17,78446	-63,177101	85,07	0,26
349	2	1255	123	-17,783438	-63,177215	113,76	0,34
350	2	1254	124	-17,782398	-63,177343	115,9	0,35
351	2	1647	125	-17,781411	-63,177452	109,85	0,33
352	2	1676	126	-17,781287	-63,176498	102,08	0,31
353	2	1677	127	-17,781106	-63,174861	174,73	0,52
354	2	1992	128	-17,780992	-63,173818	111,31	0,33
355	2	1995	129	-17,781047	-63,173752	9,28	0,03
356	2	1994	130	-17,780978	-63,172604	121,97	0,37
357	2	1807	131	-17,781819	-63,172484	93,95	0,28
358	2	18	132	-17,782832	-63,172338	113,18	0,34
359	2	1817	133	-17,783016	-63,172404	21,53	0,06
360	2	3	134	-17,783154	-63,172292	19,35	0,06
361	2	1816	135	-17,783103	-63,172051	26,17	0,08
362	2	1719	136	-17,782936	-63,171782	33,99	0,1
363	2	1718	137	-17,782882	-63,171189	63,16	0,19
364	2	1766	138	-17,782792	-63,170335	91,1	0,27
562	3	1766	104	-17,782792	-63,170335	0	0
563	3	1718	105	-17,782882	-63,171189	91,1	0,27
564	3	1719	106	-17,782936	-63,171782	63,16	0,19
565	3	1996	107	-17,782795	-63,172136	40,65	0,12
566	3	18	108	-17,782832	-63,172338	21,81	0,07
567	3	1817	109	-17,783016	-63,172404	21,53	0,06
568	3	3	110	-17,783154	-63,172292	19,35	0,06
569	3	1756	111	-17,78407	-63,172145	102,57	0,31
570	3	600	112	-17,784168	-63,173301	123,05	0,37
571	3	556	113	-17,784278	-63,174697	148,52	0,45
572	3	601	114	-17,784373	-63,175935	131,69	0,4
573	3	603	115	-17,785059	-63,175759	78,18	0,23
574	3	2191	116	-17,785803	-63,175597	84,12	0,25
575	3	1654	117	-17,786001	-63,176877	137,48	0,41
576	3	1783	118	-17,786312	-63,177796	103,34	0,31
577	3	1684	119	-17,786529	-63,17884	113,27	0,34
578	3	1349	120	-17,786742	-63,180125	138,28	0,41
579	3	1455	121	-17,786915	-63,181232	118,93	0,36
580	3	1454	122	-17,787091	-63,182301	115,01	0,35
581	3	1271	123	-17,787249	-63,183332	110,71	0,33
582	3	1785	124	-17,78739	-63,184373	111,48	0,33
583	3	1832	125	-17,787582	-63,185345	105,23	0,32
584	3	1699	126	-17,787741	-63,186242	96,72	0,29
585	3	1722	127	-17,787795	-63,18644	21,83	0,07
586	3	1749	128	-17,787892	-63,186668	26,45	0,08
587	3	1727	129	-17,78812	-63,187282	69,82	0,21
588	3	1833	130	-17,788624	-63,187739	73,89	0,22
589	3	1831	131	-17,788777	-63,18791	24,81	0,07
590	3	1797	132	-17,789727	-63,188699	134,36	0,4
591	3	1525	133	-17,790082	-63,188927	46,13	0,14
592	3	1524	134	-17,790811	-63,189451	97,96	0,29
793	4	1524	105	-17,790811	-63,189451	0	0
794	4	1525	106	-17,790082	-63,188927	97,96	0,29
795	4	1797	107	-17,789727	-63,188699	46,13	0,14
796	4	896	108	-17,789585	-63,188325	42,66	0,13
797	4	2042	109	-17,789441	-63,187715	66,61	0,2
798	4	2043	110	-17,789529	-63,187634	12,99	0,04
799	4	723	111	-17,789356	-63,187411	30,43	0,09
800	4	1755	112	-17,789103	-63,186398	111	0,33
801	4	1810	113	-17,788808	-63,18514	137,32	0,41
802	4	1352	114	-17,788572	-63,184187	104,37	0,31
803	4	1270	115	-17,788338	-63,18317	110,9	0,33
804	4	1458	116	-17,788132	-63,182164	109,08	0,33
805	4	1470	117	-17,78787	-63,181086	117,92	0,35
806	4	1348	118	-17,787589	-63,180041	115,08	0,35
807	4	1672	119	-17,78724	-63,178686	148,77	0,45
808	4	1784	120	-17,786982	-63,177644	114,12	0,34
809	4	1274	121	-17,786765	-63,176743	98,51	0,3
810	4	1654	122	-17,786001	-63,176877	85,74	0,26
811	4	1273	123	-17,785223	-63,177004	87,15	0,26
812	4	1272	124	-17,78446	-63,177101	85,07	0,26
813	4	1255	125	-17,783438	-63,177215	113,76	0,34
814	4	1254	126	-17,782398	-63,177343	115,9	0,35
815	4	1647	127	-17,781411	-63,177452	109,85	0,33
816	4	1676	128	-17,781287	-63,176498	102,08	0,31
817	4	1677	129	-17,781106	-63,174861	174,73	0,52
818	4	1992	130	-17,780992	-63,173818	111,31	0,33
819	4	1995	131	-17,781047	-63,173752	9,28	0,03
820	4	1993	132	-17,780875	-63,172619	121,64	0,36
821	4	1994	133	-17,780978	-63,172604	11,51	0,03
822	4	1807	134	-17,781819	-63,172484	93,95	0,28
823	4	18	135	-17,782832	-63,172338	113,18	0,34
824	4	1817	136	-17,783016	-63,172404	21,53	0,06
825	4	3	137	-17,783154	-63,172292	19,35	0,06
826	4	1816	138	-17,783103	-63,172051	26,17	0,08
827	4	1719	139	-17,782936	-63,171782	33,99	0,1
828	4	1718	140	-17,782882	-63,171189	63,16	0,19
829	4	1766	141	-17,782792	-63,170335	91,1	0,27
1050	5	492	120	-17,773899	-63,174731	0	0
1051	5	110	121	-17,774749	-63,176123	175,04	0,53
1052	5	1752	122	-17,774833	-63,1763	20,95	0,06
1053	5	2037	123	-17,774651	-63,177061	83,17	0,25
1054	5	2038	124	-17,77453	-63,17783	82,64	0,25
1055	5	1732	125	-17,77447	-63,178838	107,09	0,32
1056	5	1812	126	-17,774487	-63,179944	117,29	0,35
1057	5	1644	127	-17,774498	-63,180136	20,4	0,06
1058	5	1773	128	-17,774527	-63,180879	78,85	0,24
1059	5	1811	129	-17,77475	-63,182112	133,05	0,4
1060	5	1792	130	-17,774798	-63,182294	20,02	0,06
1061	5	1683	131	-17,77513	-63,183391	121,99	0,37
1062	5	1759	132	-17,775314	-63,183376	20,43	0,06
1063	5	1453	133	-17,776442	-63,183263	125,42	0,38
1064	5	2209	134	-17,778801	-63,183052	262,05	0,79
1065	5	1276	135	-17,778998	-63,184169	120,43	0,36
1066	5	643	136	-17,779217	-63,185249	117,06	0,35
1067	5	1815	137	-17,780137	-63,18517	102,17	0,31
1068	5	1662	138	-17,780958	-63,185077	91,4	0,27
1069	5	1450	139	-17,781941	-63,184988	109,2	0,33
1070	5	1451	140	-17,782951	-63,184873	112,45	0,34
1071	5	1351	141	-17,785028	-63,184669	230,89	0,69
1072	5	822	142	-17,785141	-63,184655	12,59	0,04
1073	5	1251	143	-17,786051	-63,184535	101,52	0,3
1074	5	1785	144	-17,78739	-63,184373	149,19	0,45
1075	5	1832	145	-17,787582	-63,185345	105,23	0,32
1076	5	1699	146	-17,787741	-63,186242	96,72	0,29
1077	5	1722	147	-17,787795	-63,18644	21,83	0,07
1078	5	1749	148	-17,787892	-63,186668	26,45	0,08
1079	5	1727	149	-17,78812	-63,187282	69,82	0,21
1080	5	1833	150	-17,788624	-63,187739	73,89	0,22
1081	5	1831	151	-17,788777	-63,18791	24,81	0,07
1082	5	1797	152	-17,789727	-63,188699	134,36	0,4
1083	5	1525	153	-17,790082	-63,188927	46,13	0,14
1084	5	1524	154	-17,790811	-63,189451	97,96	0,29
1270	6	2044	89	-17,789109	-63,189831	0	0
1271	6	126	90	-17,788974	-63,1895	38,14	0,11
1272	6	125	91	-17,789241	-63,189251	39,63	0,12
1273	6	1797	92	-17,789727	-63,188699	79,49	0,24
1274	6	896	93	-17,789585	-63,188325	42,66	0,13
1275	6	2042	94	-17,789441	-63,187715	66,61	0,2
1276	6	2043	95	-17,789529	-63,187634	12,99	0,04
1277	6	723	96	-17,789356	-63,187411	30,43	0,09
1278	6	1755	97	-17,789103	-63,186398	111	0,33
1279	6	1810	98	-17,788808	-63,18514	137,32	0,41
1280	6	1832	99	-17,787582	-63,185345	137,42	0,41
1281	6	1656	100	-17,78691	-63,18547	75,55	0,23
1282	6	1702	101	-17,786093	-63,185694	93,49	0,28
1283	6	1655	102	-17,785115	-63,185709	108,25	0,32
1284	6	1653	103	-17,784028	-63,185769	120,48	0,36
1285	6	1657	104	-17,783001	-63,185787	113,68	0,34
1286	6	1658	105	-17,781994	-63,185834	111,56	0,33
1287	6	1769	106	-17,781022	-63,18593	108,06	0,32
1288	6	1768	107	-17,780258	-63,18602	85,09	0,26
1289	6	1815	108	-17,780137	-63,18517	91,12	0,27
1290	6	1770	109	-17,779963	-63,184061	119,16	0,36
1291	6	1794	110	-17,779772	-63,182965	118,12	0,35
1292	6	1646	111	-17,779609	-63,181875	116,98	0,35
1293	6	527	112	-17,778593	-63,18192	112,55	0,34
1294	6	528	113	-17,777496	-63,18198	121,58	0,36
1295	6	2208	114	-17,776212	-63,182123	142,92	0,43
1296	6	2039	115	-17,776064	-63,182064	17,53	0,05
1297	6	15	116	-17,775429	-63,182082	70,31	0,21
1298	6	1808	117	-17,774944	-63,1821	53,71	0,16
1299	6	1813	118	-17,774733	-63,180949	124,26	0,37
1300	6	1822	119	-17,774694	-63,179929	108,25	0,32
1301	6	1740	120	-17,774665	-63,178818	117,85	0,35
1302	6	1799	121	-17,774701	-63,178039	82,7	0,25
1303	6	1741	122	-17,774868	-63,177036	107,95	0,32
1304	6	1733	123	-17,775219	-63,175748	142	0,43
1305	6	2204	124	-17,775563	-63,174974	90,47	0,27
1306	6	710	125	-17,775721	-63,174671	36,58	0,11
1307	6	1707	126	-17,775534	-63,174558	23,92	0,07
1308	6	2205	127	-17,775402	-63,174619	15,98	0,05
1309	6	2206	128	-17,775363	-63,174678	7,6	0,02
1310	6	755	129	-17,774282	-63,174615	119,83	0,36
1550	7	863	114	-17,772035	-63,18248	0	0
1551	7	1236	115	-17,772772	-63,18243	81,74	0,25
1552	7	2215	116	-17,773746	-63,182358	108,07	0,32
1553	7	136	117	-17,773835	-63,183078	76,98	0,23
1554	7	135	118	-17,774269	-63,183458	62,7	0,19
1555	7	523	119	-17,774714	-63,183418	49,43	0,15
1556	7	1683	120	-17,77513	-63,183391	46,13	0,14
1557	7	1909	121	-17,775584	-63,184808	158,44	0,48
1558	7	1907	122	-17,775904	-63,185855	116,53	0,35
1559	7	1908	123	-17,776044	-63,186155	35,38	0,11
1560	7	1571	124	-17,776604	-63,187046	112,99	0,34
1561	7	1603	125	-17,777079	-63,187569	76,42	0,23
1562	7	1570	126	-17,777854	-63,188146	105,36	0,32
1563	7	1665	127	-17,778338	-63,18841	60,44	0,18
1564	7	2213	128	-17,779408	-63,188779	124,72	0,37
1565	7	1750	129	-17,780408	-63,188962	112,37	0,34
1566	7	1902	130	-17,780582	-63,188976	19,32	0,06
1567	7	1663	131	-17,781231	-63,18902	71,98	0,22
1568	7	1645	132	-17,782198	-63,188998	107,05	0,32
1569	7	1540	133	-17,783217	-63,189006	112,78	0,34
1570	7	1590	134	-17,783995	-63,189009	86,11	0,26
1571	7	1899	135	-17,784292	-63,18905	33,16	0,1
1572	7	1689	136	-17,784565	-63,189026	30,32	0,09
1573	7	1522	137	-17,785514	-63,188982	105,14	0,32
1574	7	1521	138	-17,786444	-63,188774	105,27	0,32
1575	7	1519	139	-17,787883	-63,18826	168,33	0,5
1576	7	1520	140	-17,788511	-63,188009	74,43	0,22
1577	7	1831	141	-17,788777	-63,18791	31,26	0,09
1578	7	2042	142	-17,789441	-63,187715	76,34	0,23
1579	7	2043	143	-17,789529	-63,187634	12,99	0,04
1580	7	1805	144	-17,789776	-63,187556	28,56	0,09
1581	7	1803	145	-17,790604	-63,187434	92,55	0,28
1582	7	1809	146	-17,791654	-63,187289	117,22	0,35
1583	7	1806	147	-17,791769	-63,187274	12,83	0,04
1584	7	1895	148	-17,792258	-63,187208	54,57	0,16
1585	7	1804	149	-17,792977	-63,187107	80,29	0,24
1586	7	1892	150	-17,793126	-63,187101	16,5	0,05
1587	7	1891	151	-17,793205	-63,187171	11,47	0,03
1588	7	1830	152	-17,793408	-63,187153	22,55	0,07
1589	7	1829	153	-17,793487	-63,18704	14,83	0,04
1590	7	2031	154	-17,794502	-63,18687	113,78	0,34
1591	7	1742	155	-17,795628	-63,186691	126,06	0,38
1955	8	1735	185	-17,79559	-63,186499	0	0
1956	8	1736	186	-17,794474	-63,186675	124,92	0,37
1957	8	1743	187	-17,793778	-63,186786	77,93	0,23
1958	8	1828	188	-17,793375	-63,186783	44,6	0,13
1959	8	1893	189	-17,793185	-63,186796	21,07	0,06
1960	8	1894	190	-17,793071	-63,186873	15,03	0,05
1961	8	1801	191	-17,792233	-63,186996	93,66	0,28
1962	8	1896	192	-17,791643	-63,187061	65,66	0,2
1963	8	1802	193	-17,790455	-63,187233	132,74	0,4
1964	8	1897	194	-17,789761	-63,187347	77,76	0,23
1965	8	723	195	-17,789356	-63,187411	45,34	0,14
1966	8	1898	196	-17,789173	-63,18754	24,44	0,07
1967	8	1833	197	-17,788624	-63,187739	64,32	0,19
1968	8	1589	198	-17,788041	-63,187975	69,21	0,21
1969	8	1588	199	-17,786324	-63,188601	201,29	0,6
1970	8	1605	200	-17,785513	-63,188754	91,21	0,27
1971	8	1604	201	-17,784824	-63,188795	76,38	0,23
1972	8	1510	202	-17,784366	-63,188702	51,64	0,15
1973	8	1518	203	-17,783141	-63,1888	135,98	0,41
1974	8	1900	204	-17,78218	-63,188791	106,37	0,32
1975	8	1757	205	-17,781214	-63,18879	106,91	0,32
1976	8	1901	206	-17,780613	-63,188744	66,7	0,2
1977	8	1903	207	-17,779434	-63,18857	131,79	0,4
1978	8	1710	208	-17,778446	-63,18824	114,81	0,34
1979	8	2210	209	-17,777905	-63,18797	66,37	0,2
1980	8	1905	210	-17,777208	-63,187425	96,39	0,29
1981	8	1906	211	-17,77677	-63,186943	70,44	0,21
1982	8	1517	212	-17,776171	-63,185953	124,16	0,37
1983	8	1758	213	-17,77568	-63,184553	158,09	0,47
1984	8	1759	214	-17,775314	-63,183376	131,22	0,39
1985	8	1760	215	-17,774991	-63,182281	121,49	0,36
1986	8	1808	216	-17,774944	-63,1821	19,89	0,06
1987	8	1811	217	-17,77475	-63,182112	21,51	0,06
1988	8	1234	218	-17,77403	-63,182163	79,87	0,24
1989	8	1661	219	-17,773725	-63,182184	33,83	0,1
1990	8	1597	220	-17,772894	-63,182243	92,19	0,28
1991	8	1625	221	-17,771869	-63,182293	113,57	0,34
2230	9	562	132	-17,784923	-63,170173	0	0
2231	9	133	133	-17,784868	-63,17087	74,16	0,22
2232	9	1523	134	-17,784837	-63,171817	100,47	0,3
2233	9	1648	135	-17,78405	-63,171938	88,04	0,26
2234	9	1816	136	-17,783103	-63,172051	105,49	0,32
2235	9	1996	137	-17,782795	-63,172136	35,26	0,11
2236	9	1711	138	-17,782451	-63,172197	38,62	0,12
2237	9	1706	139	-17,781988	-63,172276	51,92	0,16
2238	9	1761	140	-17,780853	-63,172419	126,53	0,38
2239	9	1712	141	-17,780187	-63,172513	74,38	0,22
2240	9	1795	142	-17,779521	-63,172609	74,41	0,22
2241	9	715	143	-17,779421	-63,172831	26,01	0,08
2242	9	1275	144	-17,779694	-63,173995	127,07	0,38
2243	9	1457	145	-17,779851	-63,174992	107,14	0,32
2244	9	1456	146	-17,780134	-63,176729	186,83	0,56
2245	9	1256	147	-17,780287	-63,177664	100,58	0,3
2246	9	1814	148	-17,780457	-63,17877	118,77	0,36
2247	9	1269	149	-17,780542	-63,179919	122,2	0,37
2248	9	644	150	-17,780624	-63,180777	91,43	0,27
2249	9	529	151	-17,780697	-63,181794	108,14	0,32
2250	9	1304	152	-17,780777	-63,182875	114,97	0,34
2251	9	1277	153	-17,780857	-63,183965	115,92	0,35
2252	9	1662	154	-17,780958	-63,185077	118,44	0,36
2253	9	1769	155	-17,781022	-63,18593	90,72	0,27
2254	9	660	156	-17,781122	-63,187298	145,48	0,44
2255	9	1757	157	-17,781214	-63,18879	158,53	0,48
2256	9	1901	158	-17,780613	-63,188744	66,7	0,2
2257	9	1903	159	-17,779434	-63,18857	131,79	0,4
2258	9	1710	160	-17,778446	-63,18824	114,81	0,34
2259	9	1665	161	-17,778338	-63,18841	21,63	0,06
2260	9	888	162	-17,778013	-63,189391	110,07	0,33
2261	9	2211	163	-17,777885	-63,18974	39,63	0,12
2266	9	1313	168	-17,774821	-63,188101	75,26	0,23
2340	10	1313	35	-17,774821	-63,188101	0	0
2345	10	2211	40	-17,777885	-63,18974	50,59	0,15
2346	10	888	41	-17,778013	-63,189391	39,63	0,12
2347	10	1665	42	-17,778338	-63,18841	110,07	0,33
2348	10	2213	43	-17,779408	-63,188779	124,72	0,37
2349	10	1750	44	-17,780408	-63,188962	112,37	0,34
2350	10	1902	45	-17,780582	-63,188976	19,32	0,06
2351	10	1901	46	-17,780613	-63,188744	24,84	0,07
2352	10	554	47	-17,780441	-63,187342	149,88	0,45
2353	10	1768	48	-17,780258	-63,18602	141,63	0,42
2354	10	1815	49	-17,780137	-63,18517	91,12	0,27
2355	10	1770	50	-17,779963	-63,184061	119,16	0,36
2356	10	1794	51	-17,779772	-63,182965	118,12	0,35
2357	10	1646	52	-17,779609	-63,181875	116,98	0,35
2358	10	1459	53	-17,779471	-63,180935	100,84	0,3
2359	10	1652	54	-17,77935	-63,180303	68,34	0,21
2360	10	1678	55	-17,779128	-63,179098	130,11	0,39
2361	10	1814	56	-17,780457	-63,17877	151,15	0,45
2362	10	1790	57	-17,781499	-63,178509	118,6	0,36
2363	10	1647	58	-17,781411	-63,177452	112,5	0,34
2364	10	1676	59	-17,781287	-63,176498	102,08	0,31
2365	10	1677	60	-17,781106	-63,174861	174,73	0,52
2366	10	1992	61	-17,780992	-63,173818	111,31	0,33
2367	10	1995	62	-17,781047	-63,173752	9,28	0,03
2368	10	1994	63	-17,780978	-63,172604	121,97	0,37
2369	10	1807	64	-17,781819	-63,172484	93,95	0,28
2370	10	18	65	-17,782832	-63,172338	113,18	0,34
2371	10	1817	66	-17,783016	-63,172404	21,53	0,06
2372	10	3	67	-17,783154	-63,172292	19,35	0,06
2373	10	1756	68	-17,78407	-63,172145	102,57	0,31
2374	10	1516	69	-17,78485	-63,172034	87,13	0,26
2375	10	2216	70	-17,785411	-63,171954	62,67	0,19
2376	10	1515	71	-17,785582	-63,171997	19,47	0,06
2377	10	1514	72	-17,785682	-63,171919	13,82	0,04
2378	10	17	73	-17,785668	-63,171699	23,38	0,07
2379	10	2100	74	-17,785551	-63,171633	14,72	0,04
2380	10	83	75	-17,785362	-63,171374	34,52	0,1
2381	10	177	76	-17,785158	-63,170805	64,42	0,19
2382	10	457	77	-17,785099	-63,170274	56,68	0,17
2563	11	863	79	-17,772035	-63,18248	0	0
2564	11	1236	80	-17,772772	-63,18243	81,74	0,25
2565	11	2215	81	-17,773746	-63,182358	108,07	0,32
2566	11	1792	82	-17,774798	-63,182294	116,63	0,35
2567	11	1683	83	-17,77513	-63,183391	121,99	0,37
2568	11	1759	84	-17,775314	-63,183376	20,43	0,06
2569	11	1453	85	-17,776442	-63,183263	125,42	0,38
2570	11	2209	86	-17,778801	-63,183052	262,05	0,79
2571	11	1794	87	-17,779772	-63,182965	107,86	0,32
2572	11	1304	88	-17,780777	-63,182875	111,64	0,33
2573	11	1277	89	-17,780857	-63,183965	115,92	0,35
2574	11	1662	90	-17,780958	-63,185077	118,44	0,36
2575	11	1450	91	-17,781941	-63,184988	109,2	0,33
2576	11	1451	92	-17,782951	-63,184873	112,45	0,34
2577	11	1351	93	-17,785028	-63,184669	230,89	0,69
2578	11	822	94	-17,785141	-63,184655	12,59	0,04
2579	11	1251	95	-17,786051	-63,184535	101,52	0,3
2580	11	1785	96	-17,78739	-63,184373	149,19	0,45
2581	11	1832	97	-17,787582	-63,185345	105,23	0,32
2582	11	1699	98	-17,787741	-63,186242	96,72	0,29
2583	11	1722	99	-17,787795	-63,18644	21,83	0,07
2584	11	1749	100	-17,787892	-63,186668	26,45	0,08
2585	11	1727	101	-17,78812	-63,187282	69,82	0,21
2586	11	1833	102	-17,788624	-63,187739	73,89	0,22
2587	11	1831	103	-17,788777	-63,18791	24,81	0,07
2588	11	2042	104	-17,789441	-63,187715	76,34	0,23
2589	11	2043	105	-17,789529	-63,187634	12,99	0,04
2590	11	1805	106	-17,789776	-63,187556	28,56	0,09
2591	11	1803	107	-17,790604	-63,187434	92,55	0,28
2592	11	1809	108	-17,791654	-63,187289	117,22	0,35
2593	11	1806	109	-17,791769	-63,187274	12,83	0,04
2594	11	1895	110	-17,792258	-63,187208	54,57	0,16
2595	11	1804	111	-17,792977	-63,187107	80,29	0,24
2596	11	1891	112	-17,793205	-63,187171	26,13	0,08
2597	11	1830	115	-17,793408	-63,187153	0	0
2598	11	2031	116	-17,794502	-63,18687	124,74	0,37
2599	11	1742	117	-17,795628	-63,186691	126,06	0,38
2844	12	1735	127	-17,79559	-63,186499	0	0
2845	12	1736	128	-17,794474	-63,186675	124,92	0,37
2846	12	1743	129	-17,793778	-63,186786	77,93	0,23
2847	12	1828	130	-17,793375	-63,186783	44,6	0,13
2848	12	1893	131	-17,793185	-63,186796	21,07	0,06
2849	12	1894	132	-17,793071	-63,186873	15,03	0,05
2850	12	1801	133	-17,792233	-63,186996	93,66	0,28
2851	12	1896	134	-17,791643	-63,187061	65,66	0,2
2852	12	1802	135	-17,790455	-63,187233	132,74	0,4
2853	12	1897	136	-17,789761	-63,187347	77,76	0,23
2854	12	723	137	-17,789356	-63,187411	45,34	0,14
2855	12	1755	138	-17,789103	-63,186398	111	0,33
2856	12	1810	139	-17,788808	-63,18514	137,32	0,41
2857	12	1832	140	-17,787582	-63,185345	137,42	0,41
2858	12	1656	141	-17,78691	-63,18547	75,55	0,23
2859	12	1702	142	-17,786093	-63,185694	93,49	0,28
2860	12	1655	143	-17,785115	-63,185709	108,25	0,32
2861	12	1653	144	-17,784028	-63,185769	120,48	0,36
2862	12	1657	145	-17,783001	-63,185787	113,68	0,34
2863	12	1658	146	-17,781994	-63,185834	111,56	0,33
2864	12	1769	147	-17,781022	-63,18593	108,06	0,32
2865	12	1768	148	-17,780258	-63,18602	85,09	0,26
2866	12	1815	149	-17,780137	-63,18517	91,12	0,27
2867	12	1770	150	-17,779963	-63,184061	119,16	0,36
2868	12	1276	151	-17,778998	-63,184169	107,42	0,32
2869	12	531	152	-17,777814	-63,184325	132,08	0,4
2870	12	642	153	-17,776543	-63,184475	141,57	0,42
2871	12	1758	154	-17,77568	-63,184553	95,87	0,29
2872	12	1759	155	-17,775314	-63,183376	131,22	0,39
2873	12	1760	156	-17,774991	-63,182281	121,49	0,36
2874	12	1808	157	-17,774944	-63,1821	19,89	0,06
2875	12	1811	158	-17,77475	-63,182112	21,51	0,06
2876	12	1234	159	-17,77403	-63,182163	79,87	0,24
2877	12	1661	160	-17,773725	-63,182184	33,83	0,1
2878	12	1597	161	-17,772894	-63,182243	92,19	0,28
2879	12	1625	162	-17,771869	-63,182293	113,57	0,34
3083	13	120	125	-17,774307	-63,179955	0	0
3084	13	1812	126	-17,774487	-63,179944	19,96	0,06
3085	13	1822	127	-17,774694	-63,179929	22,97	0,07
3086	13	810	128	-17,775127	-63,179883	48,17	0,14
3087	13	1279	129	-17,775681	-63,17985	61,42	0,18
3088	13	1278	130	-17,776968	-63,17957	145,5	0,44
3089	13	703	131	-17,777504	-63,179472	60,23	0,18
3090	13	1452	132	-17,778008	-63,179384	56,56	0,17
3091	13	910	133	-17,778391	-63,179284	43,7	0,13
3092	13	1678	134	-17,779128	-63,179098	83,92	0,25
3093	13	1814	135	-17,780457	-63,17877	151,15	0,45
3094	13	1790	136	-17,781499	-63,178509	118,6	0,36
3095	13	1687	137	-17,782498	-63,178337	112,06	0,34
3096	13	1670	138	-17,783533	-63,178252	114,91	0,34
3097	13	1669	139	-17,784542	-63,178153	112,17	0,34
3098	13	1671	140	-17,78538	-63,178014	93,91	0,28
3099	13	1783	141	-17,786312	-63,177796	105,71	0,32
3100	13	1784	142	-17,786982	-63,177644	75,89	0,23
3101	13	1253	143	-17,787948	-63,177441	109,06	0,33
3102	13	1350	144	-17,789031	-63,17718	123,02	0,37
3103	13	1252	145	-17,790225	-63,176922	134,95	0,4
3104	13	2010	146	-17,791617	-63,176648	156,78	0,47
3105	13	2012	147	-17,791778	-63,177601	102,6	0,31
3106	13	2013	148	-17,791764	-63,177707	11,35	0,03
3107	13	2014	149	-17,791821	-63,177868	18,2	0,05
3108	13	2019	150	-17,792085	-63,179528	178,42	0,54
3109	13	2021	151	-17,792244	-63,180494	103,92	0,31
3110	13	2023	152	-17,792375	-63,181312	87,93	0,26
3111	13	2025	153	-17,792604	-63,182624	141,4	0,42
3112	13	2027	154	-17,792746	-63,183532	97,55	0,29
3113	13	2029	155	-17,792865	-63,184312	83,74	0,25
3114	13	1774	156	-17,793085	-63,185863	166,24	0,5
3115	13	1893	157	-17,793185	-63,186796	99,54	0,3
3116	13	1892	158	-17,793126	-63,187101	32,99	0,1
3117	13	1891	159	-17,793205	-63,187171	11,47	0,03
3118	13	1830	160	-17,793408	-63,187153	22,55	0,07
3119	13	1829	161	-17,793487	-63,18704	14,83	0,04
3120	13	2031	162	-17,794502	-63,18687	113,78	0,34
3121	13	1742	163	-17,795628	-63,186691	126,06	0,38
3479	14	1735	171	-17,79559	-63,186499	0	0
3480	14	1736	172	-17,794474	-63,186675	124,92	0,37
3481	14	1743	173	-17,793778	-63,186786	77,93	0,23
3482	14	1828	174	-17,793375	-63,186783	44,6	0,13
3483	14	1762	175	-17,7932	-63,185751	111,12	0,33
3484	14	2030	176	-17,792989	-63,184322	153,3	0,46
3485	14	2028	177	-17,792829	-63,183335	106,14	0,32
3486	14	2026	178	-17,792712	-63,18261	77,95	0,23
3487	14	2024	179	-17,792484	-63,181293	141,9	0,43
3488	14	2022	180	-17,792346	-63,180479	87,65	0,26
3489	14	2020	181	-17,792189	-63,179513	103,89	0,31
3490	14	2015	182	-17,791926	-63,177837	180,07	0,54
3491	14	2016	183	-17,791889	-63,177666	18,59	0,06
3492	14	2013	184	-17,791764	-63,177707	14,5	0,04
3493	14	2017	185	-17,790542	-63,177956	137,8	0,41
3494	14	2018	186	-17,790419	-63,177981	13,87	0,04
3495	14	599	187	-17,789271	-63,178229	129,75	0,39
3496	14	530	188	-17,788222	-63,178471	118,9	0,36
3497	14	1672	189	-17,78724	-63,178686	111,05	0,33
3498	14	1684	190	-17,786529	-63,17884	80,37	0,24
3499	14	602	191	-17,785547	-63,179038	110,69	0,33
3500	14	659	192	-17,784635	-63,179215	102,67	0,31
3501	14	539	193	-17,783611	-63,179337	114,07	0,34
3502	14	538	194	-17,782595	-63,179461	113,21	0,34
3503	14	540	195	-17,781593	-63,17958	111,61	0,33
3504	14	1269	196	-17,780542	-63,179919	121,75	0,37
3505	14	1652	197	-17,77935	-63,180303	138,07	0,41
3506	14	792	198	-17,779178	-63,180395	21,39	0,06
3507	14	1206	199	-17,778457	-63,181052	105,93	0,32
3508	14	2041	200	-17,777355	-63,181212	123,14	0,37
3509	14	1257	201	-17,776032	-63,181284	146,63	0,44
3510	14	716	202	-17,775222	-63,181101	91,73	0,28
3511	14	717	203	-17,774981	-63,181037	27,52	0,08
3512	14	1813	204	-17,774733	-63,180949	28,99	0,09
3513	14	1773	205	-17,774527	-63,180879	23,98	0,07
3514	14	134	206	-17,77352	-63,180561	116,44	0,35
3515	14	1661	207	-17,773725	-63,182184	173,59	0,52
3516	14	1597	208	-17,772894	-63,182243	92,19	0,28
3517	14	1625	209	-17,771869	-63,182293	113,57	0,34
3680	15	1735	57	-17,79559	-63,186499	0	0
3681	15	1736	58	-17,794474	-63,186675	124,92	0,37
3682	15	1743	59	-17,793778	-63,186786	77,93	0,23
3683	15	1828	60	-17,793375	-63,186783	44,6	0,13
3684	15	1762	61	-17,7932	-63,185751	111,12	0,33
3685	15	2030	62	-17,792989	-63,184322	153,3	0,46
3686	15	147	63	-17,79358	-63,184231	66,12	0,2
3687	15	146	64	-17,794137	-63,184158	62,13	0,19
3688	15	144	65	-17,794671	-63,184076	59,74	0,18
3689	15	145	66	-17,795232	-63,183992	62,73	0,19
3690	15	2106	67	-17,794999	-63,182438	166,77	0,5
3691	15	2275	68	-17,794977	-63,1823	14,83	0,04
3692	15	693	69	-17,793855	-63,182458	125,31	0,38
3693	15	2026	70	-17,792712	-63,18261	127,53	0,38
3694	15	2025	71	-17,792604	-63,182624	12,05	0,04
3695	15	2192	72	-17,791421	-63,182788	132,08	0,4
3696	15	541	73	-17,79035	-63,182914	119,29	0,36
3697	15	16	74	-17,789683	-63,182999	74,37	0,22
3698	15	542	75	-17,789468	-63,18302	23,9	0,07
3699	15	598	76	-17,789615	-63,184021	107,38	0,32
3700	15	545	77	-17,78983	-63,184896	95,78	0,29
3701	15	1810	78	-17,788808	-63,18514	116,03	0,35
3702	15	1832	79	-17,787582	-63,185345	137,42	0,41
3703	15	1656	80	-17,78691	-63,18547	75,55	0,23
3704	15	1702	81	-17,786093	-63,185694	93,49	0,28
3705	15	1655	82	-17,785115	-63,185709	108,25	0,32
3706	15	1653	83	-17,784028	-63,185769	120,48	0,36
3707	15	1657	84	-17,783001	-63,185787	113,68	0,34
3708	15	1658	85	-17,781994	-63,185834	111,56	0,33
3709	15	1769	86	-17,781022	-63,18593	108,06	0,32
3710	15	1768	87	-17,780258	-63,18602	85,09	0,26
3711	15	1815	88	-17,780137	-63,18517	91,12	0,27
3712	15	1770	89	-17,779963	-63,184061	119,16	0,36
3713	15	1794	90	-17,779772	-63,182965	118,12	0,35
3714	15	1646	91	-17,779609	-63,181875	116,98	0,35
3715	15	1459	92	-17,779471	-63,180935	100,84	0,3
3716	15	1652	93	-17,77935	-63,180303	68,34	0,21
3717	15	792	94	-17,779178	-63,180395	21,39	0,06
3718	15	1206	95	-17,778457	-63,181052	105,93	0,32
3719	15	2041	96	-17,777355	-63,181212	123,14	0,37
3720	15	1257	97	-17,776032	-63,181284	146,63	0,44
3721	15	716	98	-17,775222	-63,181101	91,73	0,28
3722	15	717	99	-17,774981	-63,181037	27,52	0,08
3723	15	1813	100	-17,774733	-63,180949	28,99	0,09
3724	15	1822	101	-17,774694	-63,179929	108,25	0,32
3725	15	1740	102	-17,774665	-63,178818	117,85	0,35
3726	15	1799	103	-17,774701	-63,178039	82,7	0,25
3727	15	1741	104	-17,774868	-63,177036	107,95	0,32
3728	15	1733	105	-17,775219	-63,175748	142	0,43
3729	15	2204	106	-17,775563	-63,174974	90,47	0,27
3730	15	710	107	-17,775721	-63,174671	36,58	0,11
3731	15	1707	108	-17,775534	-63,174558	23,92	0,07
3732	15	2205	109	-17,775402	-63,174619	15,98	0,05
3958	16	755	112	-17,774282	-63,174615	0	0
3959	16	2206	113	-17,775363	-63,174678	119,83	0,36
3960	16	2207	114	-17,775373	-63,174873	20,71	0,06
3961	16	1752	115	-17,774833	-63,1763	162,69	0,49
3962	16	2037	116	-17,774651	-63,177061	83,17	0,25
3963	16	2038	117	-17,77453	-63,17783	82,64	0,25
3964	16	1732	118	-17,77447	-63,178838	107,09	0,32
3965	16	1812	119	-17,774487	-63,179944	117,29	0,35
3966	16	1822	120	-17,774694	-63,179929	22,97	0,07
3967	16	810	121	-17,775127	-63,179883	48,17	0,14
3968	16	1279	122	-17,775681	-63,17985	61,42	0,18
3969	16	1278	123	-17,776968	-63,17957	145,5	0,44
3970	16	703	124	-17,777504	-63,179472	60,23	0,18
3971	16	1452	125	-17,778008	-63,179384	56,56	0,17
3972	16	910	126	-17,778391	-63,179284	43,7	0,13
3973	16	1678	127	-17,779128	-63,179098	83,92	0,25
3974	16	1814	128	-17,780457	-63,17877	151,15	0,45
3975	16	1790	129	-17,781499	-63,178509	118,6	0,36
3976	16	1687	130	-17,782498	-63,178337	112,06	0,34
3977	16	1670	131	-17,783533	-63,178252	114,91	0,34
3978	16	1669	132	-17,784542	-63,178153	112,17	0,34
3979	16	1671	133	-17,78538	-63,178014	93,91	0,28
3980	16	1783	134	-17,786312	-63,177796	105,71	0,32
3981	16	1784	135	-17,786982	-63,177644	75,89	0,23
3982	16	1253	136	-17,787948	-63,177441	109,06	0,33
3983	16	1350	137	-17,789031	-63,17718	123,02	0,37
3984	16	1252	138	-17,790225	-63,176922	134,95	0,4
3985	16	2010	139	-17,791617	-63,176648	156,78	0,47
3986	16	2012	140	-17,791778	-63,177601	102,6	0,31
3987	16	2013	141	-17,791764	-63,177707	11,35	0,03
3988	16	2014	142	-17,791821	-63,177868	18,2	0,05
3989	16	2019	143	-17,792085	-63,179528	178,42	0,54
3990	16	2021	144	-17,792244	-63,180494	103,92	0,31
3991	16	2023	145	-17,792375	-63,181312	87,93	0,26
3992	16	2025	146	-17,792604	-63,182624	141,4	0,42
3993	16	2027	147	-17,792746	-63,183532	97,55	0,29
3994	16	2029	148	-17,792865	-63,184312	83,74	0,25
3995	16	1774	149	-17,793085	-63,185863	166,24	0,5
3996	16	1893	150	-17,793185	-63,186796	99,54	0,3
3997	16	1892	151	-17,793126	-63,187101	32,99	0,1
3998	16	1891	152	-17,793205	-63,187171	11,47	0,03
3999	16	1830	153	-17,793408	-63,187153	22,55	0,07
4000	16	1829	154	-17,793487	-63,18704	14,83	0,04
4001	16	2031	155	-17,794502	-63,18687	113,78	0,34
4002	16	1742	156	-17,795628	-63,186691	126,06	0,38
4065	17	1713	1	-17,791028	-63,172511	0	0
4066	17	1714	2	-17,790871	-63,172311	27,42	0,08
4067	17	2107	3	-17,790669	-63,172084	32,85	0,1
4068	17	719	4	-17,790175	-63,171656	71,05	0,21
4069	17	2000	5	-17,789759	-63,171443	51,28	0,15
4070	17	720	6	-17,789253	-63,17128	58,61	0,18
4071	17	1998	7	-17,788835	-63,171254	46,35	0,14
4072	17	1997	8	-17,78831	-63,171294	58,26	0,17
4073	17	721	9	-17,787611	-63,171404	78,24	0,23
4074	17	722	10	-17,786552	-63,171564	118,43	0,36
4075	17	17	11	-17,785668	-63,171699	98,88	0,3
4076	17	2100	12	-17,785551	-63,171633	14,72	0,04
4077	17	2099	13	-17,785379	-63,171726	21,44	0,06
4078	17	1523	14	-17,784837	-63,171817	60,76	0,18
4079	17	1648	15	-17,78405	-63,171938	88,04	0,26
4080	17	1816	16	-17,783103	-63,172051	105,49	0,32
4081	17	1996	17	-17,782795	-63,172136	35,26	0,11
4082	17	1711	18	-17,782451	-63,172197	38,62	0,12
4083	17	1706	19	-17,781988	-63,172276	51,92	0,16
4084	17	1761	20	-17,780853	-63,172419	126,53	0,38
4085	17	1712	21	-17,780187	-63,172513	74,38	0,22
4086	17	1795	22	-17,779521	-63,172609	74,41	0,22
4087	17	1989	23	-17,778254	-63,172873	143	0,43
4088	17	2200	24	-17,777933	-63,172923	35,92	0,11
4089	17	1988	25	-17,777672	-63,173017	30,56	0,09
4090	17	718	26	-17,777037	-63,173247	74,39	0,22
4091	17	2098	27	-17,776695	-63,173422	42,16	0,13
4092	17	1987	28	-17,776141	-63,17387	77,56	0,23
4093	17	1707	29	-17,775534	-63,174558	99,17	0,3
4094	17	2205	30	-17,775402	-63,174619	15,98	0,05
4095	17	2206	31	-17,775363	-63,174678	7,6	0,02
4096	17	2207	32	-17,775373	-63,174873	20,71	0,06
4097	17	1752	33	-17,774833	-63,1763	162,69	0,49
4098	17	2037	34	-17,774651	-63,177061	83,17	0,25
4099	17	2038	35	-17,77453	-63,17783	82,64	0,25
4100	17	1732	36	-17,77447	-63,178838	107,09	0,32
4101	17	1812	37	-17,774487	-63,179944	117,29	0,35
4102	17	1644	38	-17,774498	-63,180136	20,4	0,06
4103	17	1773	39	-17,774527	-63,180879	78,85	0,24
4104	17	1811	40	-17,77475	-63,182112	133,05	0,4
4105	17	1792	41	-17,774798	-63,182294	20,02	0,06
4106	17	1683	42	-17,77513	-63,183391	121,99	0,37
4107	17	1909	43	-17,775584	-63,184808	158,44	0,48
4108	17	1907	44	-17,775904	-63,185855	116,53	0,35
4109	17	1908	45	-17,776044	-63,186155	35,38	0,11
4110	17	1571	46	-17,776604	-63,187046	112,99	0,34
4111	17	1603	47	-17,777079	-63,187569	76,42	0,23
4112	17	1570	48	-17,777854	-63,188146	105,36	0,32
4113	17	1665	49	-17,778338	-63,18841	60,44	0,18
4114	17	2213	50	-17,779408	-63,188779	124,72	0,37
4115	17	1750	51	-17,780408	-63,188962	112,37	0,34
4116	17	1902	52	-17,780582	-63,188976	19,32	0,06
4117	17	1663	53	-17,781231	-63,18902	71,98	0,22
4118	17	1645	54	-17,782198	-63,188998	107,05	0,32
4119	17	1540	55	-17,783217	-63,189006	112,78	0,34
4120	17	1590	56	-17,783995	-63,189009	86,11	0,26
4121	17	1899	57	-17,784292	-63,18905	33,16	0,1
4122	17	1689	58	-17,784565	-63,189026	30,32	0,09
4123	17	1522	59	-17,785514	-63,188982	105,14	0,32
4124	17	1521	60	-17,786444	-63,188774	105,27	0,32
4125	17	1519	61	-17,787883	-63,18826	168,33	0,5
4126	17	1520	62	-17,788511	-63,188009	74,43	0,22
4127	17	1831	63	-17,788777	-63,18791	31,26	0,09
4128	17	2042	64	-17,789441	-63,187715	76,34	0,23
4129	17	2043	65	-17,789529	-63,187634	12,99	0,04
4130	17	1805	66	-17,789776	-63,187556	28,56	0,09
4131	17	1803	67	-17,790604	-63,187434	92,55	0,28
4132	17	1809	68	-17,791654	-63,187289	117,22	0,35
4133	17	1806	69	-17,791769	-63,187274	12,83	0,04
4134	17	1895	70	-17,792258	-63,187208	54,57	0,16
4135	17	1804	71	-17,792977	-63,187107	80,29	0,24
4136	17	1892	72	-17,793126	-63,187101	16,5	0,05
4137	17	1891	73	-17,793205	-63,187171	11,47	0,03
4138	17	1830	74	-17,793408	-63,187153	22,55	0,07
4139	17	1829	75	-17,793487	-63,18704	14,83	0,04
4140	17	1828	76	-17,793375	-63,186783	29,94	0,09
4141	17	1762	77	-17,7932	-63,185751	111,12	0,33
4142	17	2030	78	-17,792989	-63,184322	153,3	0,46
4143	17	2028	79	-17,792829	-63,183335	106,14	0,32
4144	17	2026	80	-17,792712	-63,18261	77,95	0,23
4145	17	2024	81	-17,792484	-63,181293	141,9	0,43
4146	17	2022	82	-17,792346	-63,180479	87,65	0,26
4147	17	2020	83	-17,792189	-63,179513	103,89	0,31
4148	17	2015	84	-17,791926	-63,177837	180,07	0,54
4149	17	2016	85	-17,791889	-63,177666	18,59	0,06
4150	17	2011	86	-17,791724	-63,17663	111,35	0,33
4151	17	2009	87	-17,791598	-63,175807	88,37	0,27
4152	17	2006	88	-17,791357	-63,17438	153,64	0,46
4153	17	2005	89	-17,791246	-63,173629	80,57	0,24
4154	17	2003	90	-17,791363	-63,173439	23,95	0,07
4155	17	2004	91	-17,791626	-63,173228	36,71	0,11
4156	17	711	92	-17,791578	-63,172938	31,2	0,09
4157	17	712	93	-17,791283	-63,172825	34,78	0,1
4158	18	724	1	-17,791124	-63,173602	0	0
4159	18	2007	2	-17,791249	-63,174408	86,57	0,26
4160	18	2008	3	-17,791487	-63,175829	152,95	0,46
4161	18	2010	4	-17,791617	-63,176648	88,02	0,26
4162	18	2012	5	-17,791778	-63,177601	102,6	0,31
4163	18	2013	6	-17,791764	-63,177707	11,35	0,03
4164	18	2014	7	-17,791821	-63,177868	18,2	0,05
4165	18	2019	8	-17,792085	-63,179528	178,42	0,54
4166	18	2021	9	-17,792244	-63,180494	103,92	0,31
4167	18	2023	10	-17,792375	-63,181312	87,93	0,26
4168	18	2025	11	-17,792604	-63,182624	141,4	0,42
4169	18	2027	12	-17,792746	-63,183532	97,55	0,29
4170	18	2029	13	-17,792865	-63,184312	83,74	0,25
4171	18	1774	14	-17,793085	-63,185863	166,24	0,5
4172	18	1893	15	-17,793185	-63,186796	99,54	0,3
4173	18	1894	16	-17,793071	-63,186873	15,03	0,05
4174	18	1801	17	-17,792233	-63,186996	93,66	0,28
4175	18	1896	18	-17,791643	-63,187061	65,66	0,2
4176	18	1802	19	-17,790455	-63,187233	132,74	0,4
4177	18	1897	20	-17,789761	-63,187347	77,76	0,23
4178	18	723	21	-17,789356	-63,187411	45,34	0,14
4179	18	1898	22	-17,789173	-63,18754	24,44	0,07
4180	18	1833	23	-17,788624	-63,187739	64,32	0,19
4181	18	1589	24	-17,788041	-63,187975	69,21	0,21
4182	18	1605	26	-17,785513	-63,188754	0	0
4183	18	1604	27	-17,784824	-63,188795	76,38	0,23
4184	18	1510	28	-17,784366	-63,188702	51,64	0,15
4185	18	1518	29	-17,783141	-63,1888	135,98	0,41
4186	18	1900	30	-17,78218	-63,188791	106,37	0,32
4187	18	1757	31	-17,781214	-63,18879	106,91	0,32
4188	18	1901	32	-17,780613	-63,188744	66,7	0,2
4189	18	1903	33	-17,779434	-63,18857	131,79	0,4
4190	18	1710	34	-17,778446	-63,18824	114,81	0,34
4191	18	2210	35	-17,777905	-63,18797	66,37	0,2
4192	18	1905	36	-17,777208	-63,187425	96,39	0,29
4193	18	1906	37	-17,77677	-63,186943	70,44	0,21
4194	18	1517	38	-17,776171	-63,185953	124,16	0,37
4195	18	1758	39	-17,77568	-63,184553	158,09	0,47
4196	18	1759	40	-17,775314	-63,183376	131,22	0,39
4197	18	1760	41	-17,774991	-63,182281	121,49	0,36
4198	18	1808	42	-17,774944	-63,1821	19,89	0,06
4199	18	1813	43	-17,774733	-63,180949	124,26	0,37
4200	18	1822	44	-17,774694	-63,179929	108,25	0,32
4201	18	1740	45	-17,774665	-63,178818	117,85	0,35
4202	18	1799	46	-17,774701	-63,178039	82,7	0,25
4203	18	1741	47	-17,774868	-63,177036	107,95	0,32
4204	18	1733	48	-17,775219	-63,175748	142	0,43
4205	18	2204	49	-17,775563	-63,174974	90,47	0,27
4206	18	710	50	-17,775721	-63,174671	36,58	0,11
4207	18	2203	51	-17,776101	-63,174184	66,6	0,2
4208	18	2202	52	-17,777115	-63,173433	137,61	0,41
4209	18	2201	53	-17,777751	-63,173193	74,85	0,22
4210	18	1990	54	-17,778043	-63,173177	32,36	0,1
4211	18	1991	55	-17,778291	-63,173097	28,73	0,09
4212	18	715	56	-17,779421	-63,172831	128,21	0,38
4213	18	1993	57	-17,780875	-63,172619	162,49	0,49
4214	18	1994	58	-17,780978	-63,172604	11,51	0,03
4215	18	1807	59	-17,781819	-63,172484	93,95	0,28
4216	18	18	60	-17,782832	-63,172338	113,18	0,34
4217	18	1817	61	-17,783016	-63,172404	21,53	0,06
4218	18	3	62	-17,783154	-63,172292	19,35	0,06
4219	18	1756	63	-17,78407	-63,172145	102,57	0,31
4220	18	1516	64	-17,78485	-63,172034	87,13	0,26
4221	18	2216	65	-17,785411	-63,171954	62,67	0,19
4222	18	1515	66	-17,785582	-63,171997	19,47	0,06
4223	18	1514	67	-17,785682	-63,171919	13,82	0,04
4224	18	709	68	-17,786583	-63,171761	101,12	0,3
4225	18	714	69	-17,787723	-63,171585	127,55	0,38
4226	18	708	70	-17,788916	-63,171454	132,77	0,4
4227	18	1999	71	-17,78958	-63,17159	74,89	0,22
4228	18	2109	72	-17,789891	-63,171715	36,88	0,11
4229	18	713	73	-17,790346	-63,172048	61,5	0,18
4230	18	2108	74	-17,790688	-63,172426	55,13	0,17
4231	18	2001	75	-17,790878	-63,172693	35,27	0,11
4232	19	711	1	-17,791578	-63,172938	0	0
4233	19	712	2	-17,791283	-63,172825	34,78	0,1
4234	19	1713	3	-17,791028	-63,172511	43,65	0,13
4235	19	1714	4	-17,790871	-63,172311	27,42	0,08
4236	19	2107	5	-17,790669	-63,172084	32,85	0,1
4237	19	719	6	-17,790175	-63,171656	71,05	0,21
4238	19	2000	7	-17,789759	-63,171443	51,28	0,15
4239	19	720	8	-17,789253	-63,17128	58,61	0,18
4240	19	1998	9	-17,788835	-63,171254	46,35	0,14
4241	19	1997	10	-17,78831	-63,171294	58,26	0,17
4242	19	721	11	-17,787611	-63,171404	78,24	0,23
4243	19	722	12	-17,786552	-63,171564	118,43	0,36
4244	19	17	13	-17,785668	-63,171699	98,88	0,3
4245	19	2100	14	-17,785551	-63,171633	14,72	0,04
4246	19	2099	15	-17,785379	-63,171726	21,44	0,06
4247	19	1523	16	-17,784837	-63,171817	60,76	0,18
4248	19	1648	17	-17,78405	-63,171938	88,04	0,26
4249	19	1816	18	-17,783103	-63,172051	105,49	0,32
4250	19	1996	19	-17,782795	-63,172136	35,26	0,11
4251	19	1711	20	-17,782451	-63,172197	38,62	0,12
4252	19	1706	21	-17,781988	-63,172276	51,92	0,16
4253	19	1761	22	-17,780853	-63,172419	126,53	0,38
4254	19	1712	23	-17,780187	-63,172513	74,38	0,22
4255	19	1795	24	-17,779521	-63,172609	74,41	0,22
4256	19	1989	25	-17,778254	-63,172873	143	0,43
4257	19	2200	26	-17,777933	-63,172923	35,92	0,11
4258	19	1988	27	-17,777672	-63,173017	30,56	0,09
4259	19	718	28	-17,777037	-63,173247	74,39	0,22
4260	19	2098	29	-17,776695	-63,173422	42,16	0,13
4261	19	1987	30	-17,776141	-63,17387	77,56	0,23
4262	19	1707	31	-17,775534	-63,174558	99,17	0,3
4263	19	2205	32	-17,775402	-63,174619	15,98	0,05
4264	19	2206	33	-17,775363	-63,174678	7,6	0,02
4265	19	2207	34	-17,775373	-63,174873	20,71	0,06
4266	19	1752	35	-17,774833	-63,1763	162,69	0,49
4267	19	2037	36	-17,774651	-63,177061	83,17	0,25
4268	19	2038	37	-17,77453	-63,17783	82,64	0,25
4269	19	1732	38	-17,77447	-63,178838	107,09	0,32
4270	19	1812	39	-17,774487	-63,179944	117,29	0,35
4271	19	1644	40	-17,774498	-63,180136	20,4	0,06
4272	19	1773	41	-17,774527	-63,180879	78,85	0,24
4273	19	1811	42	-17,77475	-63,182112	133,05	0,4
4274	19	1792	43	-17,774798	-63,182294	20,02	0,06
4275	19	1683	44	-17,77513	-63,183391	121,99	0,37
4276	19	1909	45	-17,775584	-63,184808	158,44	0,48
4277	19	1907	46	-17,775904	-63,185855	116,53	0,35
4278	19	1908	47	-17,776044	-63,186155	35,38	0,11
4279	19	1571	48	-17,776604	-63,187046	112,99	0,34
4280	19	1603	49	-17,777079	-63,187569	76,42	0,23
4281	19	1570	50	-17,777854	-63,188146	105,36	0,32
4282	19	1665	51	-17,778338	-63,18841	60,44	0,18
4283	19	2213	52	-17,779408	-63,188779	124,72	0,37
4284	19	1750	53	-17,780408	-63,188962	112,37	0,34
4285	19	1902	54	-17,780582	-63,188976	19,32	0,06
4286	19	1663	55	-17,781231	-63,18902	71,98	0,22
4287	19	1645	56	-17,782198	-63,188998	107,05	0,32
4288	19	1540	57	-17,783217	-63,189006	112,78	0,34
4289	19	1590	58	-17,783995	-63,189009	86,11	0,26
4290	19	1899	59	-17,784292	-63,18905	33,16	0,1
4291	19	1689	60	-17,784565	-63,189026	30,32	0,09
4292	19	1522	61	-17,785514	-63,188982	105,14	0,32
4293	19	1521	62	-17,786444	-63,188774	105,27	0,32
4294	19	1519	63	-17,787883	-63,18826	168,33	0,5
4295	19	1520	64	-17,788511	-63,188009	74,43	0,22
4296	19	1831	65	-17,788777	-63,18791	31,26	0,09
4297	19	2042	66	-17,789441	-63,187715	76,34	0,23
4298	19	2043	67	-17,789529	-63,187634	12,99	0,04
4299	19	1805	68	-17,789776	-63,187556	28,56	0,09
4300	19	1803	69	-17,790604	-63,187434	92,55	0,28
4301	19	1809	70	-17,791654	-63,187289	117,22	0,35
4302	19	1806	71	-17,791769	-63,187274	12,83	0,04
4303	19	1895	72	-17,792258	-63,187208	54,57	0,16
4304	19	1804	73	-17,792977	-63,187107	80,29	0,24
4305	19	1892	74	-17,793126	-63,187101	16,5	0,05
4306	19	1891	75	-17,793205	-63,187171	11,47	0,03
4307	19	1830	76	-17,793408	-63,187153	22,55	0,07
4308	19	1829	77	-17,793487	-63,18704	14,83	0,04
4309	19	1828	78	-17,793375	-63,186783	29,94	0,09
4310	19	1762	79	-17,7932	-63,185751	111,12	0,33
4311	19	2030	80	-17,792989	-63,184322	153,3	0,46
4312	19	2028	81	-17,792829	-63,183335	106,14	0,32
4313	19	2026	82	-17,792712	-63,18261	77,95	0,23
4314	19	2024	83	-17,792484	-63,181293	141,9	0,43
4315	19	2022	84	-17,792346	-63,180479	87,65	0,26
4316	19	2020	85	-17,792189	-63,179513	103,89	0,31
4317	19	2015	86	-17,791926	-63,177837	180,07	0,54
4318	19	2016	87	-17,791889	-63,177666	18,59	0,06
4319	19	2011	88	-17,791724	-63,17663	111,35	0,33
4320	19	2009	89	-17,791598	-63,175807	88,37	0,27
4321	19	2006	90	-17,791357	-63,17438	153,64	0,46
4322	19	2005	91	-17,791246	-63,173629	80,57	0,24
4323	19	2003	92	-17,791363	-63,173439	23,95	0,07
4324	20	712	1	-17,791283	-63,172825	0	0
4325	20	2002	2	-17,791053	-63,173076	36,83	0,11
4326	20	724	3	-17,791124	-63,173602	56,32	0,17
4327	20	2007	4	-17,791249	-63,174408	86,57	0,26
4328	20	2008	5	-17,791487	-63,175829	152,95	0,46
4329	20	2010	6	-17,791617	-63,176648	88,02	0,26
4330	20	2012	7	-17,791778	-63,177601	102,6	0,31
4331	20	2013	8	-17,791764	-63,177707	11,35	0,03
4332	20	2014	9	-17,791821	-63,177868	18,2	0,05
4333	20	2019	10	-17,792085	-63,179528	178,42	0,54
4334	20	2021	11	-17,792244	-63,180494	103,92	0,31
4335	20	2023	12	-17,792375	-63,181312	87,93	0,26
4336	20	2025	13	-17,792604	-63,182624	141,4	0,42
4337	20	2027	14	-17,792746	-63,183532	97,55	0,29
4338	20	2029	15	-17,792865	-63,184312	83,74	0,25
4339	20	1774	16	-17,793085	-63,185863	166,24	0,5
4340	20	1893	17	-17,793185	-63,186796	99,54	0,3
4341	20	1894	18	-17,793071	-63,186873	15,03	0,05
4342	20	1801	19	-17,792233	-63,186996	93,66	0,28
4343	20	1896	20	-17,791643	-63,187061	65,66	0,2
4344	20	1802	21	-17,790455	-63,187233	132,74	0,4
4345	20	1897	22	-17,789761	-63,187347	77,76	0,23
4346	20	723	23	-17,789356	-63,187411	45,34	0,14
4347	20	1898	24	-17,789173	-63,18754	24,44	0,07
4348	20	1833	25	-17,788624	-63,187739	64,32	0,19
4349	20	1589	26	-17,788041	-63,187975	69,21	0,21
4350	20	1588	27	-17,786324	-63,188601	201,29	0,6
4351	20	1605	28	-17,785513	-63,188754	91,21	0,27
4352	20	1604	29	-17,784824	-63,188795	76,38	0,23
4353	20	1510	30	-17,784366	-63,188702	51,64	0,15
4354	20	1518	31	-17,783141	-63,1888	135,98	0,41
4355	20	1900	32	-17,78218	-63,188791	106,37	0,32
4356	20	1757	33	-17,781214	-63,18879	106,91	0,32
4357	20	1901	34	-17,780613	-63,188744	66,7	0,2
4358	20	1903	35	-17,779434	-63,18857	131,79	0,4
4359	20	1710	36	-17,778446	-63,18824	114,81	0,34
4360	20	2210	37	-17,777905	-63,18797	66,37	0,2
4361	20	1905	38	-17,777208	-63,187425	96,39	0,29
4362	20	1906	39	-17,77677	-63,186943	70,44	0,21
4363	20	1517	40	-17,776171	-63,185953	124,16	0,37
4364	20	1758	41	-17,77568	-63,184553	158,09	0,47
4365	20	1759	42	-17,775314	-63,183376	131,22	0,39
4366	20	1760	43	-17,774991	-63,182281	121,49	0,36
4367	20	1808	44	-17,774944	-63,1821	19,89	0,06
4368	20	1813	45	-17,774733	-63,180949	124,26	0,37
4369	20	1822	46	-17,774694	-63,179929	108,25	0,32
4370	20	1740	47	-17,774665	-63,178818	117,85	0,35
4371	20	1799	48	-17,774701	-63,178039	82,7	0,25
4372	20	1741	49	-17,774868	-63,177036	107,95	0,32
4373	20	1733	50	-17,775219	-63,175748	142	0,43
4374	20	2204	51	-17,775563	-63,174974	90,47	0,27
4375	20	710	52	-17,775721	-63,174671	36,58	0,11
4376	20	2203	53	-17,776101	-63,174184	66,6	0,2
4377	20	2202	54	-17,777115	-63,173433	137,61	0,41
4378	20	2201	55	-17,777751	-63,173193	74,85	0,22
4379	20	1990	56	-17,778043	-63,173177	32,36	0,1
4380	20	1991	57	-17,778291	-63,173097	28,73	0,09
4381	20	715	58	-17,779421	-63,172831	128,21	0,38
4382	20	1993	59	-17,780875	-63,172619	162,49	0,49
4383	20	1994	60	-17,780978	-63,172604	11,51	0,03
4384	20	1807	61	-17,781819	-63,172484	93,95	0,28
4385	20	18	62	-17,782832	-63,172338	113,18	0,34
4386	20	1817	63	-17,783016	-63,172404	21,53	0,06
4387	20	3	64	-17,783154	-63,172292	19,35	0,06
4388	20	1756	65	-17,78407	-63,172145	102,57	0,31
4389	20	1516	66	-17,78485	-63,172034	87,13	0,26
4390	20	2216	67	-17,785411	-63,171954	62,67	0,19
4391	20	1515	68	-17,785582	-63,171997	19,47	0,06
4392	20	1514	69	-17,785682	-63,171919	13,82	0,04
4393	20	709	70	-17,786583	-63,171761	101,12	0,3
4394	20	714	71	-17,787723	-63,171585	127,55	0,38
4395	20	708	72	-17,788916	-63,171454	132,77	0,4
4396	20	1999	73	-17,78958	-63,17159	74,89	0,22
4397	20	2109	74	-17,789891	-63,171715	36,88	0,11
4398	20	713	75	-17,790346	-63,172048	61,5	0,18
4399	20	2108	76	-17,790688	-63,172426	55,13	0,17
4400	20	2001	77	-17,790878	-63,172693	35,27	0,11
4401	20	1713	78	-17,791028	-63,172511	25,46	0,08