IdPunto	Latitud	Longitud	Descripcion
2	-17,800659	-63,185692	P 2    
3	-17,783154	-63,172292	P 3    
4	-17,797887	-63,215916	P 4    
5	-17,79769	-63,216896	P 5    
6	-17,773615	-63,191947	P 6    
7	-17,798871	-63,168768	P 7    
8	-17,812585	-63,190361	P 8    
9	-17,794373	-63,162225	P 9    
10	-17,823166	-63,210237	P 10   
11	-17,773479	-63,191992	P 11   
12	-17,728354	-63,1569	P 12   
13	-17,747593	-63,152501	P 13   
14	-17,79691	-63,216193	P 14   
15	-17,775429	-63,182082	P 15   
16	-17,789683	-63,182999	P 16   
17	-17,785668	-63,171699	P 17   
18	-17,782832	-63,172338	P 18   
19	-17,793855	-63,188001	P 19   
20	-17,795957	-63,190393	P 20   
21	-17,794593	-63,188849	P 21   
22	-17,795382	-63,189749	P 22   
23	-17,822333	-63,183951	P 23   
24	-17,794182	-63,203708	P 24   
25	-17,822362	-63,186926	P 25   
26	-17,82235	-63,184681	P 26   
27	-17,822174	-63,188176	P 27   
28	-17,822262	-63,184551	P 28   
29	-17,823119	-63,183971	P 29   
30	-17,822943	-63,182796	P 30   
31	-17,822043	-63,177635	P 31   
32	-17,821869	-63,177368	P 32   
33	-17,822501	-63,180546	P 33   
34	-17,822532	-63,180916	P 34   
35	-17,822546	-63,181261	P 35   
36	-17,822581	-63,182698	P 36   
37	-17,822592	-63,183426	P 37   
38	-17,822231	-63,178353	P 38   
39	-17,822354	-63,179053	P 39   
40	-17,822562	-63,181967	P 40   
41	-17,803882	-63,152714	P 41   
42	-17,8025	-63,151874	P 42   
43	-17,799424	-63,168729	P 43   
44	-17,79922	-63,168824	P 44   
45	-17,803442	-63,166186	P 45   
46	-17,801146	-63,167684	P 46   
47	-17,800338	-63,168195	P 47   
48	-17,801839	-63,167222	P 48   
49	-17,802571	-63,166754	P 49   
50	-17,771972	-63,202715	P 50   
51	-17,796365	-63,211151	P 51   
52	-17,796706	-63,212666	P 52   
53	-17,797056	-63,214215	P 53   
54	-17,795631	-63,2079	P 54   
55	-17,795479	-63,207248	P 55   
56	-17,79589	-63,209025	P 56   
57	-17,795755	-63,208427	P 57   
58	-17,795299	-63,206495	P 58   
59	-17,796022	-63,209614	P 59   
60	-17,796197	-63,210384	P 60   
61	-17,773776	-63,190694	P 61   
62	-17,772492	-63,200948	P 62   
63	-17,772863	-63,198106	P 63   
64	-17,772743	-63,199026	P 64   
65	-17,773591	-63,192213	P 65   
66	-17,796925	-63,215907	P 66   
67	-17,800904	-63,161072	P 67   
68	-17,800521	-63,160633	P 68   
69	-17,800683	-63,161088	P 69   
70	-17,800864	-63,160725	P 70   
71	-17,800944	-63,160835	P 71   
72	-17,804548	-63,165127	P 72   
73	-17,804746	-63,165454	P 73   
74	-17,803821	-63,165711	P 74   
75	-17,803299	-63,16605	P 75   
76	-17,802772	-63,166379	P 76   
77	-17,800351	-63,167956	P 77   
78	-17,799873	-63,168238	P 78   
79	-17,802286	-63,166704	P 79   
80	-17,801768	-63,167033	P 80   
81	-17,78721	-63,161987	P 81   
82	-17,794469	-63,162333	P 82   
83	-17,785362	-63,171374	P 83   
84	-17,813072	-63,189193	P 84   
85	-17,795477	-63,207774	P 85   
86	-17,795769	-63,209076	P 86   
87	-17,795616	-63,208418	P 87   
88	-17,796981	-63,214448	P 88   
89	-17,796829	-63,213791	P 89   
90	-17,796365	-63,211726	P 90   
91	-17,796214	-63,21106	P 91   
92	-17,796066	-63,210423	P 92   
93	-17,796677	-63,213136	P 93   
94	-17,796763	-63,213488	P 94   
95	-17,797111	-63,21501	P 95   
96	-17,796408	-63,211944	P 96   
97	-17,796527	-63,212441	P 97   
98	-17,797073	-63,21568	P 98   
99	-17,795016	-63,205255	P 99   
100	-17,794595	-63,204577	P 100  
101	-17,794776	-63,205661	P 101  
102	-17,794814	-63,205361	P 102  
103	-17,795301	-63,205569	P 103  
104	-17,798967	-63,170052	P 104  
105	-17,79486	-63,16361	P 105  
106	-17,794883	-63,16404	P 106  
107	-17,794075	-63,162298	P 107  
108	-17,792814	-63,16269	P 108  
109	-17,798234	-63,174741	P 109  
110	-17,774749	-63,176123	P 110  
111	-17,798731	-63,17148	P 111  
112	-17,798438	-63,173222	P 112  
113	-17,821716	-63,177264	P 113  
114	-17,784528	-63,157565	P 114  
115	-17,785638	-63,149267	P 115  
116	-17,785584	-63,150904	P 116  
117	-17,785607	-63,150147	P 117  
118	-17,785555	-63,151671	P 118  
119	-17,772325	-63,179755	P 119  
120	-17,774307	-63,179955	P 120  
121	-17,784913	-63,159266	P 121  
122	-17,822502	-63,177208	P 122  
123	-17,822438	-63,177334	P 123  
124	-17,822238	-63,176665	P 124  
125	-17,789241	-63,189251	P 125  
126	-17,788974	-63,1895	P 126  
127	-17,799646	-63,22061	P 127  
128	-17,785257	-63,147769	P 128  
129	-17,787956	-63,147967	P 129  
130	-17,789192	-63,148093	P 130  
131	-17,787258	-63,147919	P 131  
132	-17,789407	-63,148076	P 132  
133	-17,784868	-63,17087	P 133  
134	-17,77352	-63,180561	P 134  
135	-17,774269	-63,183458	P 135  
136	-17,773835	-63,183078	P 136  
137	-17,775062	-63,172799	P 137  
138	-17,772301	-63,201525	P 138  
139	-17,772392	-63,200812	P 139  
140	-17,773238	-63,194097	P 140  
141	-17,772776	-63,197718	P 141  
142	-17,773059	-63,195504	P 142  
143	-17,773772	-63,170093	P 143  
144	-17,794671	-63,184076	P 144  
145	-17,795232	-63,183992	P 145  
146	-17,794137	-63,184158	P 146  
147	-17,79358	-63,184231	P 147  
148	-17,727143	-63,160697	P 148  
149	-17,727731	-63,15929	P 149  
150	-17,726873	-63,161343	P 150  
151	-17,727666	-63,159445	P 151  
152	-17,743956	-63,148804	P 152  
153	-17,715329	-63,166773	P 153  
154	-17,716388	-63,162162	P 154  
155	-17,715541	-63,165838	P 155  
156	-17,798211	-63,217852	P 156  
157	-17,801568	-63,225981	P 157  
158	-17,800678	-63,224013	P 158  
159	-17,79914	-63,219782	P 159  
160	-17,799627	-63,221126	P 160  
161	-17,798956	-63,219348	P 161  
162	-17,800118	-63,222462	P 162  
163	-17,798518	-63,218479	P 163  
164	-17,800931	-63,224674	P 164  
165	-17,771843	-63,205253	P 165  
166	-17,771607	-63,206879	P 166  
167	-17,771706	-63,206184	P 167  
168	-17,771422	-63,208311	P 168  
170	-17,772682	-63,198477	P 170  
171	-17,797152	-63,216532	P 171  
172	-17,772622	-63,198966	P 172  
173	-17,772379	-63,204235	P 173  
174	-17,772565	-63,199412	P 174  
175	-17,772457	-63,200328	P 175  
176	-17,786061	-63,168389	P 176  
177	-17,785158	-63,170805	P 177  
178	-17,786429	-63,167589	P 178  
179	-17,801616	-63,185576	P 179  
180	-17,790301	-63,195252	P 180  
181	-17,790749	-63,195799	P 181  
182	-17,790491	-63,192173	P 182  
183	-17,808996	-63,189172	P 183  
184	-17,8097	-63,18916	P 184  
185	-17,810402	-63,190211	P 185  
186	-17,811551	-63,190273	P 186  
187	-17,798676	-63,193177	P 187  
188	-17,80107	-63,185111	P 188  
189	-17,801415	-63,187196	P 189  
190	-17,821785	-63,189351	P 190  
191	-17,811562	-63,189131	P 191  
192	-17,823282	-63,200301	P 192  
193	-17,824209	-63,200761	P 193  
194	-17,826557	-63,201962	P 194  
195	-17,825881	-63,201611	P 195  
196	-17,8224	-63,199842	P 196  
197	-17,819484	-63,19788	P 197  
198	-17,824228	-63,200929	P 198  
199	-17,819177	-63,198759	P 199  
200	-17,826297	-63,201976	P 200  
201	-17,822212	-63,199924	P 201  
202	-17,820553	-63,199058	P 202  
203	-17,821331	-63,199477	P 203  
204	-17,823167	-63,177096	P 204  
205	-17,822694	-63,178931	P 205  
206	-17,784982	-63,169975	P 206  
207	-17,786228	-63,167596	P 207  
208	-17,785672	-63,168756	P 208  
209	-17,786994	-63,164969	P 209  
210	-17,78538	-63,169641	P 210  
211	-17,785944	-63,168246	P 211  
212	-17,770609	-63,181092	P 212  
213	-17,773963	-63,173053	P 213  
214	-17,773758	-63,174562	P 214  
215	-17,77427	-63,170629	P 215  
216	-17,77286	-63,169961	P 216  
217	-17,773546	-63,17139	P 217  
218	-17,774553	-63,172574	P 218  
219	-17,773103	-63,169709	P 219  
220	-17,774746	-63,171222	P 220  
221	-17,773189	-63,170719	P 221  
222	-17,773982	-63,172018	P 222  
223	-17,770697	-63,169453	P 223  
224	-17,793711	-63,203144	P 224  
225	-17,792413	-63,200153	P 225  
226	-17,792913	-63,201291	P 226  
227	-17,79104	-63,196961	P 227  
228	-17,79121	-63,19736	P 228  
229	-17,791963	-63,199107	P 229  
230	-17,79139	-63,197777	P 230  
231	-17,791682	-63,198452	P 231  
232	-17,790066	-63,192198	P 232  
233	-17,790395	-63,194988	P 233  
234	-17,790506	-63,195245	P 234  
235	-17,793002	-63,20101	P 235  
236	-17,792462	-63,199755	P 236  
237	-17,79219	-63,199123	P 237  
238	-17,79373	-63,202687	P 238  
239	-17,793076	-63,165243	P 239  
240	-17,791133	-63,164807	P 240  
241	-17,787462	-63,163968	P 241  
242	-17,785013	-63,159573	P 242  
243	-17,78814	-63,162751	P 243  
244	-17,784624	-63,158168	P 244  
245	-17,7858	-63,160916	P 245  
246	-17,786827	-63,161973	P 246  
247	-17,7861	-63,161257	P 247  
248	-17,785471	-63,154101	P 248  
249	-17,78542	-63,15565	P 249  
250	-17,785372	-63,156404	P 250  
251	-17,785446	-63,154876	P 251  
252	-17,785043	-63,148099	P 252  
253	-17,751218	-63,155013	P 253  
254	-17,75456	-63,157981	P 254  
255	-17,771997	-63,205205	P 255  
256	-17,822097	-63,209619	P 256  
257	-17,823352	-63,210611	P 257  
258	-17,824771	-63,211991	P 258  
259	-17,818976	-63,199131	P 259  
260	-17,790142	-63,145223	P 260  
261	-17,802902	-63,15096	P 261  
262	-17,804683	-63,147477	P 262  
263	-17,807644	-63,141523	P 263  
264	-17,809751	-63,149399	P 264  
265	-17,810037	-63,149504	P 265  
266	-17,812828	-63,136555	P 266  
267	-17,808439	-63,141674	P 267  
268	-17,809108	-63,150524	P 268  
269	-17,807273	-63,14149	P 269  
270	-17,81088	-63,14301	P 270  
271	-17,811451	-63,143501	P 271  
272	-17,809128	-63,141921	P 272  
273	-17,81151	-63,146429	P 273  
274	-17,803443	-63,149246	P 274  
275	-17,791547	-63,135802	P 275  
276	-17,789803	-63,148449	P 276  
277	-17,789756	-63,146519	P 277  
278	-17,789976	-63,145648	P 278  
279	-17,790117	-63,143081	P 279  
280	-17,789452	-63,148428	P 280  
281	-17,810773	-63,142063	P 281  
282	-17,790787	-63,141265	P 282  
283	-17,79127	-63,138685	P 283  
284	-17,791568	-63,137143	P 284  
285	-17,790742	-63,141546	P 285  
286	-17,791383	-63,139286	P 286  
287	-17,796956	-63,124463	P 287  
288	-17,790307	-63,142366	P 288  
289	-17,791236	-63,140815	P 289  
290	-17,796887	-63,125619	P 290  
291	-17,790034	-63,144925	P 291  
292	-17,771693	-63,207229	P 292  
293	-17,771594	-63,207907	P 293  
294	-17,771886	-63,205865	P 294  
295	-17,771785	-63,206539	P 295  
296	-17,771507	-63,208578	P 296  
297	-17,825395	-63,234535	P 297  
298	-17,851256	-63,200021	P 298  
299	-17,822841	-63,209964	P 299  
300	-17,82393	-63,211123	P 300  
301	-17,823778	-63,21072	P 301  
302	-17,825329	-63,212396	P 302  
303	-17,826171	-63,213452	P 303  
304	-17,824901	-63,211861	P 304  
305	-17,824336	-63,211206	P 305  
306	-17,790159	-63,194929	P 306  
307	-17,77378	-63,191537	P 307  
308	-17,771206	-63,168472	P 308  
309	-17,715174	-63,166759	P 309  
310	-17,80775	-63,131257	P 310  
311	-17,807728	-63,131671	P 311  
312	-17,807788	-63,130559	P 312  
313	-17,807689	-63,132376	P 313  
314	-17,807766	-63,130968	P 314  
315	-17,736222	-63,139015	P 315  
316	-17,736804	-63,139339	P 316  
317	-17,737063	-63,139458	P 317  
318	-17,723415	-63,14421	P 318  
319	-17,807369	-63,136089	P 319  
320	-17,812365	-63,129577	P 320  
321	-17,807293	-63,138979	P 321  
322	-17,737091	-63,139613	P 322  
323	-17,812043	-63,134125	P 323  
324	-17,807334	-63,136626	P 324  
325	-17,80736	-63,137972	P 325  
326	-17,812241	-63,131168	P 326  
327	-17,812294	-63,130395	P 327  
328	-17,726407	-63,161705	P 328  
329	-17,726633	-63,133856	P 329  
330	-17,737127	-63,139935	P 330  
331	-17,811977	-63,134914	P 331  
332	-17,811075	-63,147442	P 332  
333	-17,722842	-63,151171	P 333  
334	-17,741409	-63,147087	P 334  
335	-17,740393	-63,148781	P 335  
336	-17,807136	-63,141473	P 336  
337	-17,724997	-63,16534	P 337  
338	-17,825252	-63,131613	P 338  
339	-17,825334	-63,132444	P 339  
340	-17,825665	-63,133095	P 340  
341	-17,826003	-63,133771	P 341  
342	-17,816853	-63,139221	P 342  
343	-17,812961	-63,136853	P 343  
344	-17,816283	-63,139024	P 344  
345	-17,815356	-63,137611	P 345  
346	-17,815284	-63,137929	P 346  
347	-17,812466	-63,131893	P 347  
348	-17,813958	-63,136743	P 348  
349	-17,812839	-63,127095	P 349  
350	-17,813011	-63,124355	P 350  
351	-17,813101	-63,122903	P 351  
352	-17,812925	-63,125717	P 352  
353	-17,812946	-63,125388	P 353  
354	-17,812885	-63,126362	P 354  
355	-17,812968	-63,125036	P 355  
356	-17,813333	-63,119204	P 356  
357	-17,813298	-63,119759	P 357  
358	-17,813148	-63,122156	P 358  
359	-17,813405	-63,118045	P 359  
360	-17,813642	-63,11427	P 360  
361	-17,81369	-63,113506	P 361  
362	-17,813904	-63,110085	P 362  
363	-17,812302	-63,13438	P 363  
364	-17,821777	-63,188784	P 364  
365	-17,826825	-63,13477	P 365  
366	-17,825976	-63,133145	P 366  
367	-17,828068	-63,137206	P 367  
368	-17,827133	-63,135404	P 368  
369	-17,827972	-63,137023	P 369  
370	-17,827037	-63,135207	P 370  
371	-17,821886	-63,189486	P 371  
372	-17,822326	-63,189534	P 372  
373	-17,789937	-63,142994	P 373  
374	-17,797166	-63,124272	P 374  
375	-17,796857	-63,126316	P 375  
376	-17,797366	-63,116895	P 376  
377	-17,797233	-63,119279	P 377  
378	-17,796922	-63,124908	P 378  
379	-17,797048	-63,122669	P 379  
380	-17,797451	-63,115312	P 380  
381	-17,797306	-63,122688	P 381  
382	-17,79713	-63,124972	P 382  
383	-17,812529	-63,127818	P 383  
384	-17,797486	-63,119279	P 384  
385	-17,797111	-63,126163	P 385  
386	-17,797615	-63,11686	P 386  
387	-17,797742	-63,11519	P 387  
388	-17,797948	-63,108601	P 388  
389	-17,797857	-63,113028	P 389  
390	-17,797944	-63,111041	P 390  
391	-17,812828	-63,122896	P 391  
392	-17,812696	-63,125049	P 392  
393	-17,813017	-63,11981	P 393  
394	-17,812874	-63,122139	P 394  
395	-17,812676	-63,125374	P 395  
396	-17,813124	-63,118063	P 396  
397	-17,797653	-63,111679	P 397  
398	-17,823997	-63,09515	P 398  
399	-17,72531	-63,140813	P 399  
400	-17,80311	-63,091194	P 400  
401	-17,80215	-63,095997	P 401  
402	-17,802178	-63,097462	P 402  
403	-17,802169	-63,096701	P 403  
404	-17,802529	-63,093722	P 404  
405	-17,798144	-63,100068	P 405  
406	-17,798166	-63,099398	P 406  
407	-17,797997	-63,102164	P 407  
408	-17,797913	-63,103191	P 408  
409	-17,797861	-63,106452	P 409  
410	-17,797861	-63,107104	P 410  
411	-17,798096	-63,100747	P 411  
412	-17,797862	-63,104474	P 412  
413	-17,803913	-63,089107	P 413  
414	-17,82004	-63,105726	P 414  
415	-17,819797	-63,106195	P 415  
416	-17,819667	-63,106129	P 416  
417	-17,802754	-63,091518	P 417  
418	-17,821149	-63,103012	P 418  
419	-17,820986	-63,102925	P 419  
420	-17,8029	-63,091125	P 420  
421	-17,802339	-63,093531	P 421  
422	-17,821549	-63,101504	P 422  
423	-17,803134	-63,090524	P 423  
424	-17,802004	-63,095969	P 424  
425	-17,723827	-63,13984	P 425  
426	-17,797981	-63,105782	P 426  
427	-17,822768	-63,098839	P 427  
428	-17,823171	-63,097828	P 428  
429	-17,821742	-63,101492	P 429  
430	-17,821328	-63,102558	P 430  
431	-17,81974	-63,106343	P 431  
432	-17,820297	-63,105097	P 432  
433	-17,820817	-63,103832	P 433  
434	-17,821084	-63,103207	P 434  
435	-17,822037	-63,100198	P 435  
436	-17,821232	-63,102277	P 436  
437	-17,723151	-63,144299	P 437  
438	-17,820121	-63,105036	P 438  
439	-17,723501	-63,143733	P 439  
440	-17,822365	-63,099348	P 440  
441	-17,819424	-63,106692	P 441  
442	-17,822901	-63,098003	P 442  
443	-17,819775	-63,105874	P 443  
444	-17,823466	-63,096524	P 444  
445	-17,723876	-63,143128	P 445  
446	-17,822149	-63,099929	P 446  
447	-17,722889	-63,150998	P 447  
448	-17,819331	-63,106951	P 448  
449	-17,820389	-63,104402	P 449  
450	-17,801994	-63,098146	P 450  
451	-17,798075	-63,10861	P 451  
452	-17,821928	-63,100505	P 452  
453	-17,802615	-63,092159	P 453  
455	-17,772729	-63,198088	P 455  
457	-17,785099	-63,170274	P 457  
458	-17,787126	-63,165059	P 458  
459	-17,837326	-63,222974	P 459  
460	-17,821463	-63,209257	P 460  
461	-17,786487	-63,148214	P 461  
462	-17,788534	-63,148355	P 462  
463	-17,784837	-63,148084	P 463  
464	-17,79149	-63,137994	P 464  
465	-17,791456	-63,138448	P 465  
466	-17,791289	-63,140269	P 466  
467	-17,791621	-63,136563	P 467  
468	-17,791155	-63,139897	P 468  
469	-17,799808	-63,22105	P 469  
470	-17,798271	-63,217545	P 470  
471	-17,798043	-63,217098	P 471  
472	-17,770528	-63,123276	P 472  
473	-17,817211	-63,140021	P 473  
474	-17,816943	-63,139736	P 474  
475	-17,81479	-63,137471	P 475  
476	-17,737379	-63,142082	P 476  
477	-17,823274	-63,097017	P 477  
478	-17,822605	-63,098738	P 478  
479	-17,820448	-63,10422	P 479  
480	-17,8112	-63,147789	P 480  
481	-17,81492	-63,137269	P 481  
482	-17,811579	-63,145856	P 482  
483	-17,802013	-63,097174	P 483  
484	-17,802054	-63,095326	P 484  
485	-17,773436	-63,192408	P 485  
486	-17,807365	-63,135947	P 486  
487	-17,80517	-63,145883	P 487  
488	-17,80706	-63,140764	P 488  
489	-17,807275	-63,137507	P 489  
490	-17,812152	-63,132544	P 490  
491	-17,812421	-63,132569	P 491  
492	-17,773899	-63,174731	P 492  
493	-17,809329	-63,141253	P 493  
494	-17,808298	-63,151428	P 494  
495	-17,803754	-63,14861	P 495  
496	-17,80311	-63,149918	P 496  
497	-17,805093	-63,145985	P 497  
498	-17,803029	-63,090792	P 498  
499	-17,791126	-63,140253	P 499  
500	-17,72716	-63,159949	P 500  
501	-17,726648	-63,161143	P 501  
502	-17,726911	-63,16053	P 502  
503	-17,793983	-63,203741	P 503  
504	-17,793306	-63,201718	P 504  
505	-17,811403	-63,144951	P 505  
506	-17,810739	-63,148634	P 506  
507	-17,728906	-63,133868	P 507  
508	-17,771622	-63,179437	P 508  
509	-17,770574	-63,179741	P 509  
510	-17,811501	-63,143642	P 510  
511	-17,811933	-63,14341	P 511  
512	-17,797789	-63,113779	P 512  
513	-17,716189	-63,162329	P 513  
514	-17,727702	-63,158523	P 514  
515	-17,736941	-63,141792	P 515  
516	-17,807966	-63,140885	P 516  
517	-17,771767	-63,168445	P 517  
518	-17,774286	-63,172365	P 518  
519	-17,773097	-63,170524	P 519  
520	-17,773276	-63,193782	P 520  
521	-17,801188	-63,187061	P 521  
522	-17,801433	-63,196298	P 522  
523	-17,774714	-63,183418	P 523  
524	-17,775097	-63,171713	P 524  
525	-17,773661	-63,17002	P 525  
526	-17,772317	-63,168909	P 526  
527	-17,778593	-63,18192	P 527  
528	-17,777496	-63,18198	P 528  
529	-17,780697	-63,181794	P 529  
530	-17,788222	-63,178471	P 530  
531	-17,777814	-63,184325	P 531  
532	-17,795636	-63,190034	P 532  
533	-17,811712	-63,208216	P 533  
534	-17,811864	-63,208391	P 534  
535	-17,798665	-63,169209	P 535  
536	-17,822901	-63,180912	P 536  
537	-17,82244	-63,179819	P 537  
538	-17,782595	-63,179461	P 538  
539	-17,783611	-63,179337	P 539  
540	-17,781593	-63,17958	P 540  
541	-17,79035	-63,182914	P 541  
542	-17,789468	-63,18302	P 542  
543	-17,803376	-63,089852	P 543  
544	-17,77062	-63,123163	P 544  
545	-17,78983	-63,184896	P 545  
546	-17,797237	-63,214986	P 546  
547	-17,796531	-63,211913	P 547  
548	-17,796889	-63,213451	P 548  
549	-17,804641	-63,165179	P 549  
550	-17,79934	-63,168529	P 550  
551	-17,800927	-63,167582	P 551  
552	-17,812953	-63,190122	P 552  
553	-17,78568	-63,147798	P 553  
554	-17,780441	-63,187342	P 554  
555	-17,785654	-63,148939	P 555  
556	-17,784278	-63,174697	P 556  
557	-17,771525	-63,168154	P 557  
558	-17,799402	-63,219952	P 558  
559	-17,799118	-63,219264	P 559  
560	-17,800578	-63,223155	P 560  
561	-17,78983	-63,148083	P 561  
562	-17,784923	-63,170173	P 562  
563	-17,774163	-63,174013	P 563  
564	-17,775155	-63,17377	P 564  
565	-17,775311	-63,17272	P 565  
566	-17,726594	-63,16201	P 566  
567	-17,735626	-63,143181	P 567  
568	-17,736344	-63,142472	P 568  
569	-17,725416	-63,164189	P 569  
570	-17,727415	-63,132403	P 570  
571	-17,74175	-63,148564	P 571  
572	-17,716132	-63,163273	P 572  
573	-17,715771	-63,164845	P 573  
574	-17,800405	-63,223259	P 574  
575	-17,801468	-63,185051	P 575  
576	-17,790992	-63,196328	P 576  
577	-17,790866	-63,196542	P 577  
578	-17,791289	-63,191905	P 578  
579	-17,809061	-63,190248	P 579  
580	-17,828201	-63,202808	P 580  
581	-17,819547	-63,198014	P 581  
582	-17,828143	-63,202928	P 582  
583	-17,787309	-63,164558	P 583  
584	-17,770577	-63,182154	P 584  
585	-17,791928	-63,191326	P 585  
586	-17,787487	-63,16426	P 586  
587	-17,787333	-63,164237	P 587  
588	-17,791908	-63,165044	P 588  
589	-17,793973	-63,165385	P 589  
590	-17,787092	-63,162249	P 590  
591	-17,804047	-63,152473	P 591  
592	-17,818537	-63,19983	P 592  
593	-17,791335	-63,137977	P 593  
594	-17,850583	-63,201633	P 594  
595	-17,849904	-63,202778	P 595  
596	-17,849157	-63,204041	P 596  
597	-17,790025	-63,142908	P 597  
598	-17,789615	-63,184021	P 598  
599	-17,789271	-63,178229	P 599  
600	-17,784168	-63,173301	P 600  
601	-17,784373	-63,175935	P 601  
602	-17,785547	-63,179038	P 602  
603	-17,785059	-63,175759	P 603  
604	-17,839014	-63,224893	P 604  
605	-17,838258	-63,224143	P 605  
606	-17,821675	-63,20902	P 606  
607	-17,807572	-63,132366	P 607  
608	-17,807654	-63,130956	P 608  
609	-17,715989	-63,16322	P 609  
610	-17,715621	-63,164784	P 610  
611	-17,807242	-63,138006	P 611  
612	-17,807492	-63,13376	P 612  
613	-17,725746	-63,163296	P 613  
614	-17,728424	-63,135047	P 614  
615	-17,727163	-63,134209	P 615  
616	-17,737275	-63,140658	P 616  
617	-17,811822	-63,144046	P 617  
618	-17,735467	-63,143074	P 618  
619	-17,813549	-63,115743	P 619  
620	-17,797538	-63,113782	P 620  
621	-17,797795	-63,108606	P 621  
622	-17,79779	-63,108919	P 622  
623	-17,813624	-63,109919	P 623  
624	-17,802693	-63,092892	P 624  
625	-17,802497	-63,092849	P 625  
626	-17,798024	-63,103932	P 626  
627	-17,797861	-63,103891	P 627  
628	-17,802323	-63,094588	P 628  
629	-17,80216	-63,098291	P 629  
630	-17,718046	-63,13867	P 630  
631	-17,798033	-63,101461	P 631  
632	-17,802117	-63,094571	P 632  
633	-17,822219	-63,10026	P 633  
634	-17,824283	-63,094988	P 634  
635	-17,819447	-63,106967	P 635  
636	-17,820557	-63,104452	P 636  
637	-17,79816	-63,101463	P 637  
638	-17,803288	-63,09083	P 638  
639	-17,854482	-63,204506	P 639  
640	-17,849545	-63,20282	P 640  
641	-17,822802	-63,179806	P 641  
642	-17,776543	-63,184475	P 642  
643	-17,779217	-63,185249	P 643  
644	-17,780624	-63,180777	P 644  
645	-17,741928	-63,146221	P 645  
646	-17,790254	-63,194689	P 646  
647	-17,791048	-63,196461	P 647  
648	-17,734712	-63,140246	P 648  
649	-17,811881	-63,136422	P 649  
650	-17,811867	-63,1367	P 650  
651	-17,729595	-63,1329	P 651  
652	-17,728561	-63,13514	P 652  
653	-17,734887	-63,139944	P 653  
654	-17,785782	-63,148941	P 654  
655	-17,807613	-63,131659	P 655  
656	-17,72904	-63,133946	P 656  
657	-17,736186	-63,142357	P 657  
658	-17,742165	-63,146378	P 658  
659	-17,784635	-63,179215	P 659  
660	-17,781122	-63,187298	P 660  
661	-17,797392	-63,121015	P 661  
662	-17,823095	-63,184666	P 662  
663	-17,771976	-63,203901	P 663  
664	-17,797683	-63,215657	P 664  
665	-17,804201	-63,165375	P 665  
666	-17,812819	-63,190381	P 666  
667	-17,812419	-63,190232	P 667  
668	-17,725647	-63,164274	P 668  
669	-17,725983	-63,163471	P 669  
670	-17,728437	-63,156983	P 670  
671	-17,799207	-63,219966	P 671  
672	-17,771889	-63,204249	P 672  
673	-17,771506	-63,20757	P 673  
674	-17,818798	-63,198681	P 674  
675	-17,790817	-63,19643	P 675  
676	-17,824057	-63,200841	P 676  
677	-17,802609	-63,151593	P 677  
678	-17,802308	-63,151429	P 678  
679	-17,803992	-63,148145	P 679  
680	-17,798028	-63,108946	P 680  
681	-17,807612	-63,133811	P 681  
682	-17,807388	-63,13756	P 682  
683	-17,724242	-63,142574	P 683  
684	-17,734017	-63,148286	P 684  
685	-17,813364	-63,11871	P 685  
686	-17,81306	-63,119119	P 686  
687	-17,813084	-63,118725	P 687  
688	-17,818604	-63,108869	P 688  
689	-17,823652	-63,096575	P 689  
690	-17,771455	-63,209039	P 690  
691	-17,850179	-63,201768	P 691  
692	-17,728242	-63,156855	P 692  
693	-17,793855	-63,182458	P 693  
694	-17,81192	-63,143089	P 694  
695	-17,737537	-63,141718	P 695  
696	-17,795731	-63,19014	P 696  
697	-17,794199	-63,204193	P 697  
698	-17,794372	-63,204136	P 698  
699	-17,811349	-63,189141	P 699  
700	-17,790491	-63,164575	P 700  
701	-17,773545	-63,174351	P 701  
702	-17,779571	-63,146618	P 702  
703	-17,777504	-63,179472	P 703  
704	-17,804835	-63,198426	P 704  
705	-17,75637	-63,154168	P 705  
706	-17,756289	-63,15428	P 706  
707	-17,812747	-63,207545	P 707  
708	-17,788916	-63,171454	P 708  
709	-17,786583	-63,171761	P 709  
710	-17,775721	-63,174671	P 710  
711	-17,791578	-63,172938	P 711  
712	-17,791283	-63,172825	P 712  
713	-17,790346	-63,172048	P 713  
714	-17,787723	-63,171585	P 714  
715	-17,779421	-63,172831	P 715  
716	-17,775222	-63,181101	P 716  
717	-17,774981	-63,181037	P 717  
718	-17,777037	-63,173247	P 718  
719	-17,790175	-63,171656	P 719  
720	-17,789253	-63,17128	P 720  
721	-17,787611	-63,171404	P 721  
722	-17,786552	-63,171564	P 722  
723	-17,789356	-63,187411	P 723  
724	-17,791124	-63,173602	P 724  
725	-17,798824	-63,193678	P 725  
726	-17,803564	-63,199006	P 726  
727	-17,803236	-63,198645	P 727  
728	-17,801542	-63,196757	P 728  
729	-17,80265	-63,197999	P 729  
730	-17,800857	-63,195971	P 730  
731	-17,799509	-63,194458	P 731  
732	-17,797602	-63,192025	P 732  
733	-17,779833	-63,148228	P 733  
734	-17,779488	-63,147847	P 734  
735	-17,781172	-63,15438	P 735  
736	-17,780669	-63,150467	P 736  
737	-17,780776	-63,151087	P 737  
738	-17,780509	-63,149857	P 738  
739	-17,780098	-63,148691	P 739  
740	-17,780285	-63,149186	P 740  
741	-17,796153	-63,193173	P 741  
742	-17,793466	-63,191377	P 742  
743	-17,822302	-63,187307	P 743  
744	-17,799085	-63,149895	P 744  
745	-17,7982	-63,149618	P 745  
746	-17,798413	-63,14948	P 746  
747	-17,798921	-63,149594	P 747  
748	-17,799062	-63,148553	P 748  
749	-17,801372	-63,137313	P 749  
750	-17,800385	-63,143381	P 750  
751	-17,799566	-63,146571	P 751  
752	-17,801137	-63,139756	P 752  
753	-17,801429	-63,136618	P 753  
754	-17,803493	-63,152464	P 754  
755	-17,774282	-63,174615	P 755  
756	-17,773675	-63,17448	P 756  
757	-17,771355	-63,172269	P 757  
758	-17,7716	-63,17252	P 758  
759	-17,771878	-63,172773	P 759  
760	-17,772453	-63,173312	P 760  
761	-17,772319	-63,173192	P 761  
762	-17,77304	-63,173861	P 762  
763	-17,765622	-63,161806	P 763  
764	-17,764735	-63,161136	P 764  
765	-17,771213	-63,167807	P 765  
766	-17,771031	-63,167572	P 766  
767	-17,769292	-63,165527	P 767  
768	-17,770405	-63,166831	P 768  
769	-17,769731	-63,166038	P 769  
770	-17,766399	-63,162515	P 770  
771	-17,767386	-63,163447	P 771  
772	-17,768858	-63,165014	P 772  
773	-17,768386	-63,164468	P 773  
774	-17,767899	-63,163942	P 774  
775	-17,771386	-63,167762	P 775  
776	-17,797591	-63,152079	P 776  
777	-17,796699	-63,154239	P 777  
778	-17,796463	-63,154823	P 778  
779	-17,79601	-63,155939	P 779  
780	-17,795627	-63,15693	P 780  
781	-17,797003	-63,153512	P 781  
782	-17,796252	-63,155332	P 782  
783	-17,797285	-63,152784	P 783  
784	-17,797212	-63,152979	P 784  
785	-17,764435	-63,16077	P 785  
786	-17,764594	-63,160603	P 786  
787	-17,764591	-63,161119	P 787  
788	-17,764458	-63,161	P 788  
789	-17,763296	-63,15976	P 789  
790	-17,763732	-63,159624	P 790  
791	-17,763369	-63,160012	P 791  
792	-17,779178	-63,180395	P 792  
793	-17,779877	-63,146907	P 793  
794	-17,77931	-63,146053	P 794  
795	-17,77812	-63,142839	P 795  
796	-17,77851	-63,143865	P 796  
797	-17,776281	-63,13794	P 797  
798	-17,775673	-63,136319	P 798  
799	-17,777494	-63,14115	P 799  
800	-17,776915	-63,13962	P 800  
801	-17,778874	-63,144831	P 801  
802	-17,775237	-63,135165	P 802  
803	-17,774479	-63,133161	P 803  
804	-17,772519	-63,127953	P 804  
805	-17,774416	-63,132988	P 805  
806	-17,770379	-63,122594	P 806  
807	-17,771868	-63,126295	P 807  
808	-17,771493	-63,125371	P 808  
809	-17,770978	-63,12405	P 809  
810	-17,775127	-63,179883	P 810  
811	-17,812692	-63,206061	P 811  
812	-17,813177	-63,206575	P 812  
813	-17,811251	-63,204244	P 813  
814	-17,810797	-63,203569	P 814  
815	-17,809226	-63,201304	P 815  
816	-17,809816	-63,202168	P 816  
817	-17,810295	-63,202865	P 817  
818	-17,809936	-63,202358	P 818  
819	-17,8089	-63,200851	P 819  
820	-17,809477	-63,200333	P 820  
821	-17,815953	-63,199281	P 821  
822	-17,785141	-63,184655	P 822  
823	-17,803859	-63,127744	P 823  
824	-17,804218	-63,127784	P 824  
825	-17,778659	-63,122702	P 825  
826	-17,780743	-63,125682	P 826  
827	-17,803681	-63,164287	P 827  
828	-17,80413	-63,164931	P 828  
829	-17,803089	-63,163479	P 829  
830	-17,802554	-63,162836	P 830  
831	-17,794575	-63,160858	P 831  
832	-17,794944	-63,160558	P 832  
833	-17,795154	-63,158558	P 833  
834	-17,795617	-63,157485	P 834  
835	-17,794069	-63,162443	P 835  
836	-17,789827	-63,162488	P 836  
837	-17,791737	-63,1629	P 837  
838	-17,792558	-63,162847	P 838  
839	-17,793252	-63,162696	P 839  
840	-17,798379	-63,168545	P 840  
841	-17,795959	-63,156631	P 841  
842	-17,795809	-63,157006	P 842  
843	-17,796043	-63,156424	P 843  
844	-17,796453	-63,155412	P 844  
845	-17,797772	-63,152192	P 845  
846	-17,798005	-63,151619	P 846  
847	-17,797524	-63,152792	P 847  
848	-17,796828	-63,154512	P 848  
849	-17,796584	-63,155101	P 849  
850	-17,797303	-63,153344	P 850  
851	-17,797416	-63,153063	P 851  
852	-17,797056	-63,153926	P 852  
853	-17,794823	-63,159149	P 853  
854	-17,795379	-63,1573	P 854  
855	-17,795838	-63,157384	P 855  
856	-17,795891	-63,157164	P 856  
857	-17,795387	-63,1571	P 857  
858	-17,800576	-63,158134	P 858  
859	-17,799628	-63,154624	P 859  
860	-17,78207	-63,163852	P 860  
861	-17,781864	-63,159435	P 861  
862	-17,77145	-63,18252	P 862  
863	-17,772035	-63,18248	P 863  
864	-17,750654	-63,154456	P 864  
865	-17,751241	-63,15486	P 865  
866	-17,751816	-63,155256	P 866  
867	-17,752409	-63,155664	P 867  
868	-17,749508	-63,153667	P 868  
869	-17,750077	-63,154059	P 869  
870	-17,753513	-63,156597	P 870  
871	-17,768829	-63,164756	P 871  
872	-17,721414	-63,160347	P 872  
873	-17,721318	-63,160637	P 873  
874	-17,722581	-63,159508	P 874  
875	-17,7211	-63,161306	P 875  
876	-17,728777	-63,132695	P 876  
877	-17,74181	-63,148465	P 877  
878	-17,721358	-63,164112	P 878  
879	-17,718514	-63,162838	P 879  
880	-17,802024	-63,226296	P 880  
881	-17,802148	-63,22637	P 881  
882	-17,806491	-63,227709	P 882  
883	-17,803259	-63,226829	P 883  
884	-17,81121	-63,229189	P 884  
885	-17,71657	-63,162234	P 885  
886	-17,717362	-63,162544	P 886  
887	-17,718825	-63,163118	P 887  
888	-17,778013	-63,189391	P 888  
889	-17,802654	-63,152913	P 889  
890	-17,80107	-63,15379	P 890  
891	-17,800539	-63,154083	P 891  
892	-17,800014	-63,154392	P 892  
893	-17,801608	-63,153492	P 893  
894	-17,800339	-63,15421	P 894  
895	-17,801921	-63,099579	P 895  
896	-17,789585	-63,188325	P 896  
897	-17,803586	-63,187219	P 897  
898	-17,806551	-63,187241	P 898  
899	-17,800368	-63,19509	P 899  
900	-17,803132	-63,19821	P 900  
901	-17,798985	-63,193526	P 901  
902	-17,802455	-63,197433	P 902  
903	-17,799675	-63,194297	P 903  
904	-17,814669	-63,18884	P 904  
905	-17,815375	-63,188599	P 905  
906	-17,819913	-63,187722	P 906  
907	-17,817549	-63,188108	P 907  
908	-17,813212	-63,207079	P 908  
909	-17,781912	-63,16237	P 909  
910	-17,778391	-63,179284	P 910  
911	-17,770243	-63,166418	P 911  
912	-17,769719	-63,16579	P 912  
913	-17,769225	-63,165191	P 913  
914	-17,770631	-63,166895	P 914  
915	-17,771056	-63,167387	P 915  
916	-17,765595	-63,161578	P 916  
917	-17,76738	-63,163238	P 917  
918	-17,766843	-63,162744	P 918  
919	-17,76635	-63,162269	P 919  
920	-17,767883	-63,163711	P 920  
921	-17,768362	-63,164206	P 921  
922	-17,796692	-63,192272	P 922  
923	-17,796422	-63,192712	P 923  
924	-17,804332	-63,198971	P 924  
925	-17,80369	-63,19884	P 925  
926	-17,79386	-63,165988	P 926  
927	-17,792551	-63,165779	P 927  
928	-17,788698	-63,164546	P 928  
929	-17,788084	-63,164362	P 929  
930	-17,791809	-63,165617	P 930  
931	-17,781971	-63,160501	P 931  
932	-17,782164	-63,162646	P 932  
933	-17,782266	-63,163678	P 933  
934	-17,781766	-63,158349	P 934  
935	-17,782067	-63,161652	P 935  
936	-17,814008	-63,20625	P 936  
937	-17,792529	-63,126905	P 937  
938	-17,792544	-63,126474	P 938  
939	-17,792605	-63,126799	P 939  
940	-17,781676	-63,125321	P 940  
941	-17,800435	-63,141928	P 941  
942	-17,781641	-63,159441	P 942  
943	-17,781304	-63,155786	P 943  
944	-17,78174	-63,160511	P 944  
945	-17,779273	-63,147536	P 945  
946	-17,781007	-63,151105	P 946  
947	-17,780789	-63,149948	P 947  
948	-17,781661	-63,157323	P 948  
949	-17,781565	-63,156343	P 949  
950	-17,780481	-63,14899	P 950  
951	-17,781451	-63,157329	P 951  
952	-17,781464	-63,155176	P 952  
953	-17,781513	-63,155747	P 953  
954	-17,749547	-63,153875	P 954  
955	-17,762332	-63,158944	P 955  
956	-17,758944	-63,15663	P 956  
957	-17,758433	-63,156302	P 957  
958	-17,759446	-63,156959	P 958  
959	-17,753567	-63,156462	P 959  
960	-17,758981	-63,156772	P 960  
961	-17,758484	-63,156438	P 961  
962	-17,759559	-63,157154	P 962  
963	-17,762218	-63,158973	P 963  
964	-17,757972	-63,156086	P 964  
965	-17,757507	-63,155767	P 965  
966	-17,819915	-63,207577	P 966  
967	-17,819354	-63,207113	P 967  
968	-17,817597	-63,205691	P 968  
969	-17,816422	-63,20472	P 969  
970	-17,820479	-63,208048	P 970  
971	-17,81706	-63,205245	P 971  
972	-17,821081	-63,208526	P 972  
973	-17,838936	-63,201022	P 973  
974	-17,80847	-63,228039	P 974  
975	-17,805479	-63,145916	P 975  
976	-17,805559	-63,145783	P 976  
977	-17,808692	-63,147951	P 977  
978	-17,807638	-63,147225	P 978  
979	-17,806466	-63,146419	P 979  
980	-17,80963	-63,148589	P 980  
981	-17,810163	-63,148954	P 981  
982	-17,809005	-63,148152	P 982  
983	-17,807046	-63,146813	P 983  
984	-17,807355	-63,147018	P 984  
985	-17,807888	-63,147392	P 985  
986	-17,791801	-63,132981	P 986  
987	-17,796739	-63,129074	P 987  
988	-17,800832	-63,127542	P 988  
989	-17,801431	-63,127598	P 989  
990	-17,801138	-63,138082	P 990  
991	-17,800965	-63,139812	P 991  
992	-17,800186	-63,127481	P 992  
993	-17,797745	-63,127228	P 993  
994	-17,799569	-63,127418	P 994  
995	-17,79876	-63,148619	P 995  
996	-17,800544	-63,141529	P 996  
997	-17,799985	-63,143707	P 997  
998	-17,799645	-63,145102	P 998  
999	-17,798392	-63,127289	P 999  
1000	-17,79906	-63,127357	P 1000 
1001	-17,778306	-63,117908	P 1001 
1002	-17,83307	-63,199104	P 1002 
1003	-17,829807	-63,202075	P 1003 
1004	-17,843318	-63,201218	P 1004 
1005	-17,842945	-63,202002	P 1005 
1006	-17,782121	-63,164183	P 1006 
1007	-17,819374	-63,2333	P 1007 
1008	-17,822247	-63,234717	P 1008 
1009	-17,817742	-63,23251	P 1009 
1010	-17,833968	-63,220171	P 1010 
1011	-17,833654	-63,219866	P 1011 
1012	-17,834502	-63,22066	P 1012 
1013	-17,834073	-63,220277	P 1013 
1014	-17,834351	-63,220538	P 1014 
1015	-17,837178	-63,199016	P 1015 
1016	-17,83673	-63,198515	P 1016 
1017	-17,83629	-63,197986	P 1017 
1018	-17,835405	-63,196939	P 1018 
1019	-17,833576	-63,198668	P 1019 
1020	-17,833407	-63,198785	P 1020 
1021	-17,834068	-63,198207	P 1021 
1022	-17,85292	-63,201135	P 1022 
1023	-17,852776	-63,201416	P 1023 
1024	-17,847018	-63,201767	P 1024 
1025	-17,846722	-63,202403	P 1025 
1026	-17,845335	-63,200886	P 1026 
1027	-17,84644	-63,201445	P 1027 
1028	-17,844705	-63,200535	P 1028 
1029	-17,826482	-63,213915	P 1029 
1030	-17,827065	-63,21498	P 1030 
1031	-17,830757	-63,217296	P 1031 
1032	-17,830539	-63,217079	P 1032 
1033	-17,801048	-63,195859	P 1033 
1034	-17,782296	-63,16424	P 1034 
1035	-17,756203	-63,154929	P 1035 
1036	-17,754583	-63,157348	P 1036 
1037	-17,754123	-63,15811	P 1037 
1038	-17,757412	-63,155614	P 1038 
1039	-17,757928	-63,15596	P 1039 
1040	-17,774325	-63,133107	P 1040 
1041	-17,737442	-63,150616	P 1041 
1042	-17,773112	-63,129858	P 1042 
1043	-17,732764	-63,147461	P 1043 
1044	-17,732989	-63,147088	P 1044 
1045	-17,72968	-63,135091	P 1045 
1046	-17,728805	-63,134525	P 1046 
1047	-17,735012	-63,138332	P 1047 
1048	-17,733256	-63,137365	P 1048 
1049	-17,730775	-63,13583	P 1049 
1050	-17,8014	-63,135146	P 1050 
1051	-17,801101	-63,138534	P 1051 
1052	-17,800496	-63,141712	P 1052 
1053	-17,801203	-63,137335	P 1053 
1054	-17,801321	-63,135985	P 1054 
1055	-17,723784	-63,14368	P 1055 
1056	-17,724035	-63,151742	P 1056 
1057	-17,775996	-63,137559	P 1057 
1058	-17,723536	-63,151145	P 1058 
1059	-17,725606	-63,15579	P 1059 
1060	-17,722601	-63,154309	P 1060 
1061	-17,72979	-63,145061	P 1061 
1062	-17,723783	-63,152376	P 1062 
1063	-17,720582	-63,153296	P 1063 
1064	-17,774778	-63,125565	P 1064 
1065	-17,724929	-63,144464	P 1065 
1066	-17,808654	-63,128329	P 1066 
1067	-17,739195	-63,146739	P 1067 
1068	-17,723797	-63,158593	P 1068 
1069	-17,777409	-63,141296	P 1069 
1070	-17,725517	-63,144819	P 1070 
1071	-17,777452	-63,141432	P 1071 
1072	-17,737071	-63,145342	P 1072 
1073	-17,762786	-63,15936	P 1073 
1074	-17,807008	-63,12818	P 1074 
1075	-17,723576	-63,159324	P 1075 
1076	-17,770845	-63,124092	P 1076 
1077	-17,771647	-63,126117	P 1077 
1078	-17,77128	-63,125173	P 1078 
1079	-17,773184	-63,126958	P 1079 
1080	-17,728149	-63,143986	P 1080 
1081	-17,724373	-63,144068	P 1081 
1082	-17,756303	-63,155654	P 1082 
1083	-17,757141	-63,155555	P 1083 
1084	-17,804062	-63,127931	P 1084 
1085	-17,724277	-63,151129	P 1085 
1086	-17,804825	-63,128016	P 1086 
1087	-17,8034	-63,127854	P 1087 
1088	-17,726412	-63,156176	P 1088 
1089	-17,775002	-63,119941	P 1089 
1090	-17,774603	-63,118354	P 1090 
1091	-17,774708	-63,118767	P 1091 
1092	-17,774956	-63,119718	P 1092 
1093	-17,774466	-63,117843	P 1093 
1094	-17,72136	-63,143685	P 1094 
1095	-17,721268	-63,14305	P 1095 
1096	-17,721082	-63,141824	P 1096 
1097	-17,72112	-63,142114	P 1097 
1098	-17,824985	-63,13182	P 1098 
1099	-17,822288	-63,134623	P 1099 
1100	-17,820695	-63,136319	P 1100 
1101	-17,818448	-63,138704	P 1101 
1102	-17,8188	-63,138332	P 1102 
1103	-17,82193	-63,135033	P 1103 
1104	-17,821295	-63,135705	P 1104 
1105	-17,823866	-63,132989	P 1105 
1106	-17,822918	-63,134004	P 1106 
1107	-17,824395	-63,132423	P 1107 
1108	-17,80238	-63,117714	P 1108 
1109	-17,804543	-63,118439	P 1109 
1110	-17,779922	-63,115597	P 1110 
1111	-17,781538	-63,120625	P 1111 
1112	-17,772641	-63,118828	P 1112 
1113	-17,771868	-63,118847	P 1113 
1114	-17,77086	-63,118907	P 1114 
1115	-17,773317	-63,118778	P 1115 
1116	-17,777943	-63,117248	P 1116 
1117	-17,790643	-63,118123	P 1117 
1118	-17,806066	-63,118662	P 1118 
1119	-17,777503	-63,118489	P 1119 
1120	-17,777733	-63,119123	P 1120 
1121	-17,777316	-63,117964	P 1121 
1122	-17,777184	-63,117579	P 1122 
1123	-17,78216	-63,11855	P 1123 
1124	-17,777214	-63,108648	P 1124 
1125	-17,798628	-63,127145	P 1125 
1126	-17,778989	-63,117421	P 1126 
1127	-17,777281	-63,107728	P 1127 
1128	-17,801266	-63,127418	P 1128 
1129	-17,782745	-63,118447	P 1129 
1130	-17,787708	-63,117976	P 1130 
1131	-17,781188	-63,119267	P 1131 
1132	-17,789747	-63,118068	P 1132 
1133	-17,781352	-63,119963	P 1133 
1134	-17,779558	-63,11703	P 1134 
1135	-17,781621	-63,118626	P 1135 
1136	-17,800504	-63,127347	P 1136 
1137	-17,805226	-63,118549	P 1137 
1138	-17,783408	-63,118356	P 1138 
1139	-17,775679	-63,119744	P 1139 
1140	-17,770604	-63,120001	P 1140 
1141	-17,799812	-63,127264	P 1141 
1142	-17,784127	-63,108099	P 1142 
1143	-17,799522	-63,118691	P 1143 
1144	-17,795263	-63,118451	P 1144 
1145	-17,794049	-63,118328	P 1145 
1146	-17,784116	-63,118246	P 1146 
1147	-17,803131	-63,11769	P 1147 
1148	-17,781321	-63,118674	P 1148 
1149	-17,778491	-63,1119	P 1149 
1150	-17,777529	-63,109403	P 1150 
1151	-17,778154	-63,111006	P 1151 
1152	-17,777133	-63,107783	P 1152 
1153	-17,793389	-63,118263	P 1153 
1154	-17,80833	-63,121579	P 1154 
1155	-17,782605	-63,118474	P 1155 
1156	-17,770345	-63,120146	P 1156 
1157	-17,786989	-63,117932	P 1157 
1158	-17,779798	-63,107948	P 1158 
1159	-17,807974	-63,127395	P 1159 
1160	-17,808253	-63,122967	P 1160 
1161	-17,80805	-63,126171	P 1161 
1162	-17,808287	-63,12253	P 1162 
1163	-17,808444	-63,119964	P 1163 
1164	-17,808491	-63,119212	P 1164 
1165	-17,808429	-63,12018	P 1165 
1166	-17,794626	-63,118377	P 1166 
1167	-17,788406	-63,11799	P 1167 
1168	-17,812483	-63,128407	P 1168 
1169	-17,790396	-63,118103	P 1169 
1170	-17,809534	-63,128263	P 1170 
1171	-17,809523	-63,128405	P 1171 
1172	-17,810911	-63,128359	P 1172 
1173	-17,810894	-63,128529	P 1173 
1174	-17,8076	-63,128329	P 1174 
1175	-17,725638	-63,140284	P 1175 
1176	-17,726376	-63,139092	P 1176 
1177	-17,718473	-63,141412	P 1177 
1178	-17,80093	-63,099551	P 1178 
1179	-17,717243	-63,145662	P 1179 
1180	-17,724209	-63,139278	P 1180 
1181	-17,720015	-63,153778	P 1181 
1182	-17,714981	-63,148841	P 1182 
1183	-17,714428	-63,146271	P 1183 
1184	-17,79897	-63,099385	P 1184 
1185	-17,721113	-63,138806	P 1185 
1186	-17,721478	-63,138308	P 1186 
1187	-17,801982	-63,098316	P 1187 
1188	-17,803755	-63,089091	P 1188 
1189	-17,719432	-63,146959	P 1189 
1190	-17,722624	-63,138524	P 1190 
1191	-17,800303	-63,099503	P 1191 
1192	-17,722265	-63,15038	P 1192 
1193	-17,723284	-63,140268	P 1193 
1194	-17,721948	-63,138375	P 1194 
1195	-17,818247	-63,109648	P 1195 
1196	-17,799615	-63,099446	P 1196 
1197	-17,71547	-63,144964	P 1197 
1198	-17,715706	-63,145078	P 1198 
1199	-17,723835	-63,139022	P 1199 
1200	-17,85486	-63,203915	P 1200 
1201	-17,828529	-63,215312	P 1201 
1202	-17,83673	-63,222731	P 1202 
1203	-17,834703	-63,220844	P 1203 
1204	-17,829541	-63,216128	P 1204 
1205	-17,812561	-63,207732	P 1205 
1206	-17,778457	-63,181052	P 1206 
1207	-17,819172	-63,206974	P 1207 
1208	-17,814581	-63,205593	P 1208 
1209	-17,816896	-63,205112	P 1209 
1210	-17,781539	-63,158368	P 1210 
1211	-17,802292	-63,127873	P 1211 
1212	-17,756195	-63,154655	P 1212 
1213	-17,778221	-63,143522	P 1213 
1214	-17,810559	-63,228866	P 1214 
1215	-17,754045	-63,156965	P 1215 
1216	-17,750237	-63,154345	P 1216 
1217	-17,782477	-63,122698	P 1217 
1218	-17,782213	-63,122071	P 1218 
1219	-17,818455	-63,109136	P 1219 
1220	-17,812394	-63,128682	P 1220 
1221	-17,801987	-63,127469	P 1221 
1222	-17,799337	-63,127216	P 1222 
1223	-17,812088	-63,128477	P 1223 
1224	-17,798875	-63,118658	P 1224 
1225	-17,781314	-63,153782	P 1225 
1226	-17,754368	-63,15828	P 1226 
1227	-17,818239	-63,206211	P 1227 
1228	-17,818807	-63,206666	P 1228 
1229	-17,812081	-63,128642	P 1229 
1230	-17,716425	-63,162014	P 1230 
1231	-17,721949	-63,149984	P 1231 
1232	-17,720742	-63,148541	P 1232 
1233	-17,72027	-63,147966	P 1233 
1234	-17,77403	-63,182163	P 1234 
1235	-17,798917	-63,169175	P 1235 
1236	-17,772772	-63,18243	P 1236 
1237	-17,815931	-63,204322	P 1237 
1238	-17,815579	-63,204368	P 1238 
1239	-17,766997	-63,162882	P 1239 
1240	-17,781415	-63,120202	P 1240 
1241	-17,782449	-63,108067	P 1241 
1242	-17,78055	-63,108003	P 1242 
1243	-17,716599	-63,16208	P 1243 
1244	-17,716053	-63,162027	P 1244 
1245	-17,739893	-63,147197	P 1245 
1246	-17,736124	-63,144728	P 1246 
1247	-17,739614	-63,147017	P 1247 
1248	-17,737879	-63,145879	P 1248 
1249	-17,781368	-63,154307	P 1249 
1250	-17,780095	-63,147783	P 1250 
1251	-17,786051	-63,184535	P 1251 
1252	-17,790225	-63,176922	P 1252 
1253	-17,787948	-63,177441	P 1253 
1254	-17,782398	-63,177343	P 1254 
1255	-17,783438	-63,177215	P 1255 
1256	-17,780287	-63,177664	P 1256 
1257	-17,776032	-63,181284	P 1257 
1258	-17,794359	-63,166134	P 1258 
1259	-17,795012	-63,166271	P 1259 
1260	-17,781016	-63,153069	P 1260 
1261	-17,795302	-63,19269	P 1261 
1262	-17,794448	-63,192104	P 1262 
1263	-17,801259	-63,138549	P 1263 
1264	-17,800092	-63,144467	P 1264 
1265	-17,800561	-63,142627	P 1265 
1266	-17,801585	-63,135173	P 1266 
1267	-17,766915	-63,162992	P 1267 
1268	-17,771532	-63,16794	P 1268 
1269	-17,780542	-63,179919	P 1269 
1270	-17,788338	-63,18317	P 1270 
1271	-17,787249	-63,183332	P 1271 
1272	-17,78446	-63,177101	P 1272 
1273	-17,785223	-63,177004	P 1273 
1274	-17,786765	-63,176743	P 1274 
1275	-17,779694	-63,173995	P 1275 
1276	-17,778998	-63,184169	P 1276 
1277	-17,780857	-63,183965	P 1277 
1278	-17,776968	-63,17957	P 1278 
1279	-17,775681	-63,17985	P 1279 
1280	-17,812053	-63,205387	P 1280 
1281	-17,813942	-63,199617	P 1281 
1282	-17,81645	-63,199201	P 1282 
1283	-17,812893	-63,199797	P 1283 
1284	-17,81168	-63,200007	P 1284 
1285	-17,810112	-63,200237	P 1285 
1286	-17,777236	-63,123721	P 1286 
1287	-17,778074	-63,123116	P 1287 
1288	-17,779039	-63,123536	P 1288 
1289	-17,779314	-63,124097	P 1289 
1290	-17,780149	-63,125956	P 1290 
1291	-17,779888	-63,125343	P 1291 
1292	-17,779609	-63,124737	P 1292 
1293	-17,787575	-63,162762	P 1293 
1294	-17,813139	-63,189041	P 1294 
1295	-17,794805	-63,165507	P 1295 
1296	-17,800601	-63,159077	P 1296 
1297	-17,800532	-63,157112	P 1297 
1298	-17,800157	-63,155654	P 1298 
1299	-17,781238	-63,153055	P 1299 
1300	-17,781425	-63,154718	P 1300 
1301	-17,756931	-63,15491	P 1301 
1302	-17,7794	-63,147047	P 1302 
1303	-17,780241	-63,147331	P 1303 
1304	-17,780777	-63,182875	P 1304 
1305	-17,753006	-63,156076	P 1305 
1306	-17,752932	-63,156189	P 1306 
1307	-17,721821	-63,159024	P 1307 
1308	-17,729455	-63,132865	P 1308 
1309	-17,728105	-63,132535	P 1309 
1310	-17,817119	-63,232207	P 1310 
1311	-17,811839	-63,208094	P 1311 
1312	-17,811988	-63,208278	P 1312 
1313	-17,774821	-63,188101	P 1313 
1314	-17,77638	-63,189331	P 1314 
1315	-17,775338	-63,188562	P 1315 
1316	-17,801888	-63,1872	P 1316 
1317	-17,810552	-63,189129	P 1317 
1318	-17,807574	-63,187255	P 1318 
1319	-17,810644	-63,187279	P 1319 
1320	-17,809676	-63,187278	P 1320 
1321	-17,805796	-63,187241	P 1321 
1322	-17,804299	-63,187216	P 1322 
1323	-17,808661	-63,187264	P 1323 
1324	-17,818786	-63,187902	P 1324 
1325	-17,783084	-63,124733	P 1325 
1326	-17,783247	-63,124667	P 1326 
1327	-17,799832	-63,144383	P 1327 
1328	-17,823017	-63,235117	P 1328 
1329	-17,820254	-63,233727	P 1329 
1330	-17,809238	-63,228214	P 1330 
1331	-17,810119	-63,128311	P 1331 
1332	-17,792139	-63,128546	P 1332 
1333	-17,791928	-63,13164	P 1333 
1334	-17,792039	-63,130113	P 1334 
1335	-17,792187	-63,130142	P 1335 
1336	-17,797262	-63,130661	P 1336 
1337	-17,792077	-63,13166	P 1337 
1338	-17,797159	-63,132145	P 1338 
1339	-17,796267	-63,128231	P 1339 
1340	-17,797384	-63,129213	P 1340 
1341	-17,832579	-63,19958	P 1341 
1342	-17,832097	-63,200037	P 1342 
1343	-17,830436	-63,201557	P 1343 
1344	-17,830649	-63,201359	P 1344 
1345	-17,851438	-63,200191	P 1345 
1346	-17,836111	-63,22217	P 1346 
1347	-17,843828	-63,200122	P 1347 
1348	-17,787589	-63,180041	P 1348 
1349	-17,786742	-63,180125	P 1349 
1350	-17,789031	-63,17718	P 1350 
1351	-17,785028	-63,184669	P 1351 
1352	-17,788572	-63,184187	P 1352 
1353	-17,815215	-63,231243	P 1353 
1354	-17,815833	-63,231549	P 1354 
1355	-17,818355	-63,232825	P 1355 
1356	-17,813934	-63,230606	P 1356 
1357	-17,824068	-63,235616	P 1357 
1358	-17,816485	-63,231887	P 1358 
1359	-17,821229	-63,234226	P 1359 
1360	-17,840812	-63,200925	P 1360 
1361	-17,842344	-63,201708	P 1361 
1362	-17,840193	-63,20059	P 1362 
1363	-17,844461	-63,200451	P 1363 
1364	-17,855275	-63,203323	P 1364 
1365	-17,851964	-63,200521	P 1365 
1366	-17,852439	-63,200831	P 1366 
1367	-17,847285	-63,202849	P 1367 
1368	-17,832018	-63,21842	P 1368 
1369	-17,833049	-63,219331	P 1369 
1370	-17,831443	-63,217892	P 1370 
1371	-17,782159	-63,164519	P 1371 
1372	-17,782293	-63,164509	P 1372 
1373	-17,72602	-63,139667	P 1373 
1374	-17,726992	-63,138539	P 1374 
1375	-17,730442	-63,145483	P 1375 
1376	-17,807495	-63,135966	P 1376 
1377	-17,735619	-63,138669	P 1377 
1378	-17,734418	-63,138006	P 1378 
1379	-17,731382	-63,136256	P 1379 
1380	-17,7302	-63,135459	P 1380 
1381	-17,733857	-63,137707	P 1381 
1382	-17,724312	-63,156806	P 1382 
1383	-17,724048	-63,157742	P 1383 
1384	-17,807486	-63,136101	P 1384 
1385	-17,723276	-63,153718	P 1385 
1386	-17,723548	-63,153019	P 1386 
1387	-17,732139	-63,146565	P 1387 
1388	-17,738419	-63,150475	P 1388 
1389	-17,726644	-63,142988	P 1389 
1390	-17,7334	-63,147884	P 1390 
1391	-17,731029	-63,145851	P 1391 
1392	-17,721346	-63,149272	P 1392 
1393	-17,774143	-63,12612	P 1393 
1394	-17,731587	-63,146204	P 1394 
1395	-17,735744	-63,149465	P 1395 
1396	-17,807173	-63,140778	P 1396 
1397	-17,727199	-63,143363	P 1397 
1398	-17,737787	-63,150045	P 1398 
1399	-17,823388	-63,133519	P 1399 
1400	-17,81954	-63,13755	P 1400 
1401	-17,817396	-63,13981	P 1401 
1402	-17,813912	-63,109948	P 1402 
1403	-17,802378	-63,118905	P 1403 
1404	-17,814198	-63,109906	P 1404 
1405	-17,817362	-63,109904	P 1405 
1406	-17,816629	-63,109913	P 1406 
1407	-17,815129	-63,109904	P 1407 
1408	-17,815887	-63,109918	P 1408 
1409	-17,776294	-63,119563	P 1409 
1410	-17,786326	-63,117909	P 1410 
1411	-17,800854	-63,118763	P 1411 
1412	-17,800194	-63,118731	P 1412 
1413	-17,801516	-63,118791	P 1413 
1414	-17,780107	-63,116619	P 1414 
1415	-17,786136	-63,117945	P 1415 
1416	-17,778845	-63,112837	P 1416 
1417	-17,777746	-63,11735	P 1417 
1418	-17,773814	-63,118039	P 1418 
1419	-17,777851	-63,110205	P 1419 
1420	-17,78023	-63,116554	P 1420 
1421	-17,769662	-63,120476	P 1421 
1422	-17,773187	-63,118223	P 1422 
1423	-17,785461	-63,118037	P 1423 
1424	-17,7891	-63,118031	P 1424 
1425	-17,770053	-63,121465	P 1425 
1426	-17,80815	-63,124657	P 1426 
1427	-17,718263	-63,140036	P 1427 
1428	-17,720281	-63,141763	P 1428 
1429	-17,726796	-63,138413	P 1429 
1430	-17,718156	-63,139334	P 1430 
1431	-17,718374	-63,140725	P 1431 
1432	-17,718502	-63,15383	P 1432 
1433	-17,715245	-63,153662	P 1433 
1434	-17,717862	-63,153793	P 1434 
1435	-17,717194	-63,153762	P 1435 
1436	-17,716537	-63,153727	P 1436 
1437	-17,714694	-63,147613	P 1437 
1438	-17,715892	-63,153693	P 1438 
1439	-17,719179	-63,146653	P 1439 
1440	-17,798318	-63,099318	P 1440 
1441	-17,721554	-63,141569	P 1441 
1442	-17,722754	-63,140754	P 1442 
1443	-17,71535	-63,152281	P 1443 
1444	-17,853496	-63,201971	P 1444 
1445	-17,854355	-63,202608	P 1445 
1446	-17,809921	-63,228512	P 1446 
1447	-17,835109	-63,221226	P 1447 
1448	-17,81233	-63,207454	P 1448 
1449	-17,848911	-63,203824	P 1449 
1450	-17,781941	-63,184988	P 1450 
1451	-17,782951	-63,184873	P 1451 
1452	-17,778008	-63,179384	P 1452 
1453	-17,776442	-63,183263	P 1453 
1454	-17,787091	-63,182301	P 1454 
1455	-17,786915	-63,181232	P 1455 
1456	-17,780134	-63,176729	P 1456 
1457	-17,779851	-63,174992	P 1457 
1458	-17,788132	-63,182164	P 1458 
1459	-17,779471	-63,180935	P 1459 
1460	-17,781898	-63,159823	P 1460 
1461	-17,781678	-63,159843	P 1461 
1462	-17,780199	-63,14763	P 1462 
1463	-17,77929	-63,147228	P 1463 
1464	-17,792312	-63,128545	P 1464 
1465	-17,794755	-63,166215	P 1465 
1466	-17,796122	-63,12893	P 1466 
1467	-17,781409	-63,154602	P 1467 
1468	-17,729126	-63,144624	P 1468 
1469	-17,771614	-63,168039	P 1469 
1470	-17,78787	-63,181086	P 1470 
1471	-17,795361	-63,166361	P 1471 
1472	-17,798779	-63,150503	P 1472 
1473	-17,798115	-63,150265	P 1473 
1474	-17,770772	-63,171736	P 1474 
1475	-17,764945	-63,160867	P 1475 
1476	-17,779417	-63,146679	P 1476 
1477	-17,811531	-63,204633	P 1477 
1478	-17,805945	-63,127923	P 1478 
1479	-17,790991	-63,162785	P 1479 
1480	-17,805206	-63,198126	P 1480 
1481	-17,795849	-63,166623	P 1481 
1482	-17,7566	-63,154095	P 1482 
1483	-17,720848	-63,162218	P 1483 
1484	-17,807655	-63,227907	P 1484 
1485	-17,802082	-63,153231	P 1485 
1486	-17,801728	-63,196625	P 1486 
1487	-17,828776	-63,202962	P 1487 
1488	-17,790334	-63,165138	P 1488 
1489	-17,792126	-63,126932	P 1489 
1490	-17,800734	-63,140851	P 1490 
1491	-17,839503	-63,200217	P 1491 
1492	-17,827637	-63,215275	P 1492 
1493	-17,770369	-63,171227	P 1493 
1494	-17,801381	-63,135345	P 1494 
1495	-17,723091	-63,164645	P 1495 
1496	-17,805825	-63,128093	P 1496 
1497	-17,776394	-63,124306	P 1497 
1498	-17,775545	-63,124917	P 1498 
1499	-17,810157	-63,12846	P 1499 
1500	-17,714296	-63,145528	P 1500 
1501	-17,715347	-63,150746	P 1501 
1502	-17,790223	-63,142697	P 1502 
1503	-17,82112	-63,135881	P 1503 
1504	-17,716051	-63,161873	P 1504 
1505	-17,802136	-63,127384	P 1505 
1506	-17,798285	-63,192707	P 1506 
1507	-17,803835	-63,19933	P 1507 
1508	-17,781202	-63,154612	P 1508 
1509	-17,770482	-63,122994	P 1509 
1510	-17,784366	-63,188702	P 1510 
1511	-17,744574	-63,173064	P 1511 
1512	-17,726571	-63,166229	P 1512 
1513	-17,797825	-63,175116	P 1513 
1514	-17,785682	-63,171919	P 1514 
1515	-17,785582	-63,171997	P 1515 
1516	-17,78485	-63,172034	P 1516 
1517	-17,776171	-63,185953	P 1517 
1518	-17,783141	-63,1888	P 1518 
1519	-17,787883	-63,18826	P 1519 
1520	-17,788511	-63,188009	P 1520 
1521	-17,786444	-63,188774	P 1521 
1522	-17,785514	-63,188982	P 1522 
1523	-17,784837	-63,171817	P 1523 
1524	-17,790811	-63,189451	P 1524 
1525	-17,790082	-63,188927	P 1525 
1526	-17,791357	-63,189815	P 1526 
1527	-17,798215	-63,176382	P 1527 
1528	-17,772397	-63,127649	P 1528 
1529	-17,807672	-63,128065	P 1529 
1530	-17,807931	-63,127924	P 1530 
1531	-17,798264	-63,175116	P 1531 
1532	-17,788208	-63,162439	P 1532 
1533	-17,79846	-63,171174	P 1533 
1534	-17,799289	-63,179705	P 1534 
1535	-17,798412	-63,176516	P 1535 
1536	-17,758178	-63,178613	P 1536 
1537	-17,759106	-63,178783	P 1537 
1538	-17,759115	-63,178943	P 1538 
1539	-17,760081	-63,179352	P 1539 
1540	-17,783217	-63,189006	P 1540 
1541	-17,761779	-63,179832	P 1541 
1542	-17,771459	-63,182319	P 1542 
1543	-17,769214	-63,182577	P 1543 
1544	-17,768109	-63,182417	P 1544 
1545	-17,768738	-63,182528	P 1545 
1546	-17,767632	-63,182293	P 1546 
1547	-17,767208	-63,182126	P 1547 
1548	-17,764122	-63,180764	P 1548 
1549	-17,768082	-63,182233	P 1549 
1550	-17,765828	-63,181421	P 1550 
1551	-17,765368	-63,181236	P 1551 
1552	-17,764782	-63,181008	P 1552 
1553	-17,76763	-63,182113	P 1553 
1554	-17,767185	-63,181959	P 1554 
1555	-17,734216	-63,169025	P 1555 
1556	-17,744961	-63,173215	P 1556 
1557	-17,738174	-63,170713	P 1557 
1558	-17,798801	-63,178547	P 1558 
1559	-17,760294	-63,179435	P 1559 
1560	-17,763296	-63,1806	P 1560 
1561	-17,763978	-63,180878	P 1561 
1562	-17,720403	-63,163584	P 1562 
1563	-17,744412	-63,17319	P 1563 
1564	-17,748381	-63,174773	P 1564 
1565	-17,739539	-63,150732	P 1565 
1566	-17,764597	-63,181118	P 1566 
1567	-17,766835	-63,181992	P 1567 
1568	-17,735836	-63,169664	P 1568 
1569	-17,800458	-63,184658	P 1569 
1570	-17,777854	-63,188146	P 1570 
1571	-17,776604	-63,187046	P 1571 
1572	-17,768508	-63,182325	P 1572 
1573	-17,754714	-63,177243	P 1573 
1574	-17,755805	-63,177674	P 1574 
1575	-17,753657	-63,176821	P 1575 
1576	-17,756429	-63,177916	P 1576 
1577	-17,755199	-63,17743	P 1577 
1578	-17,752493	-63,176371	P 1578 
1579	-17,752612	-63,17622	P 1579 
1580	-17,756943	-63,177931	P 1580 
1581	-17,755068	-63,177185	P 1581 
1582	-17,753234	-63,17646	P 1582 
1583	-17,753064	-63,176587	P 1583 
1584	-17,748222	-63,17471	P 1584 
1585	-17,747505	-63,174386	P 1585 
1586	-17,800314	-63,184143	P 1586 
1587	-17,799856	-63,182519	P 1587 
1588	-17,786324	-63,188601	P 1588 
1589	-17,788041	-63,187975	P 1589 
1590	-17,783995	-63,189009	P 1590 
1591	-17,800182	-63,183675	P 1591 
1592	-17,79936	-63,180601	P 1592 
1593	-17,787741	-63,1636	P 1593 
1594	-17,787656	-63,163891	P 1594 
1595	-17,787854	-63,16315	P 1595 
1596	-17,799679	-63,181042	P 1596 
1597	-17,772894	-63,182243	P 1597 
1598	-17,734918	-63,169435	P 1598 
1599	-17,794934	-63,135345	P 1599 
1600	-17,793794	-63,133957	P 1600 
1601	-17,794431	-63,13401	P 1601 
1602	-17,794307	-63,135281	P 1602 
1603	-17,777079	-63,187569	P 1603 
1604	-17,784824	-63,188795	P 1604 
1605	-17,785513	-63,188754	P 1605 
1606	-17,800679	-63,185426	P 1606 
1607	-17,807906	-63,128379	P 1607 
1608	-17,737191	-63,170327	P 1608 
1609	-17,808062	-63,128139	P 1609 
1610	-17,808058	-63,128327	P 1610 
1611	-17,8004	-63,183661	P 1611 
1612	-17,79942	-63,180751	P 1612 
1613	-17,739691	-63,171183	P 1613 
1614	-17,73761	-63,170363	P 1614 
1615	-17,736524	-63,169935	P 1615 
1616	-17,729331	-63,167109	P 1616 
1617	-17,753838	-63,176686	P 1617 
1618	-17,754452	-63,176932	P 1618 
1619	-17,79368	-63,135215	P 1619 
1620	-17,795065	-63,134067	P 1620 
1621	-17,743476	-63,172805	P 1621 
1622	-17,797083	-63,126988	P 1622 
1623	-17,798054	-63,175787	P 1623 
1624	-17,754863	-63,177105	P 1624 
1625	-17,771869	-63,182293	P 1625 
1626	-17,798257	-63,176537	P 1626 
1627	-17,739107	-63,171079	P 1627 
1628	-17,758267	-63,178453	P 1628 
1629	-17,770939	-63,182357	P 1629 
1630	-17,728909	-63,166942	P 1630 
1631	-17,757875	-63,178499	P 1631 
1632	-17,798199	-63,175749	P 1632 
1633	-17,763806	-63,180635	P 1633 
1634	-17,744086	-63,172874	P 1634 
1635	-17,744019	-63,173033	P 1635 
1636	-17,742051	-63,172084	P 1636 
1637	-17,741997	-63,172232	P 1637 
1638	-17,730093	-63,167409	P 1638 
1639	-17,726717	-63,16608	P 1639 
1640	-17,726673	-63,166201	P 1640 
1641	-17,728748	-63,167005	P 1641 
1642	-17,769919	-63,18244	P 1642 
1643	-17,798374	-63,176387	P 1643 
1644	-17,774498	-63,180136	P 1644 
1645	-17,782198	-63,188998	P 1645 
1646	-17,779609	-63,181875	P 1646 
1647	-17,781411	-63,177452	P 1647 
1648	-17,78405	-63,171938	P 1648 
1649	-17,792592	-63,190743	P 1649 
1650	-17,791679	-63,190059	P 1650 
1651	-17,770386	-63,18259	P 1651 
1652	-17,77935	-63,180303	P 1652 
1653	-17,784028	-63,185769	P 1653 
1654	-17,786001	-63,176877	P 1654 
1655	-17,785115	-63,185709	P 1655 
1656	-17,78691	-63,18547	P 1656 
1657	-17,783001	-63,185787	P 1657 
1658	-17,781994	-63,185834	P 1658 
1659	-17,799482	-63,18035	P 1659 
1660	-17,799293	-63,180382	P 1660 
1661	-17,773725	-63,182184	P 1661 
1662	-17,780958	-63,185077	P 1662 
1663	-17,781231	-63,18902	P 1663 
1664	-17,770386	-63,1824	P 1664 
1665	-17,778338	-63,18841	P 1665 
1666	-17,749987	-63,175765	P 1666 
1667	-17,75194	-63,176147	P 1667 
1668	-17,751999	-63,175981	P 1668 
1669	-17,784542	-63,178153	P 1669 
1670	-17,783533	-63,178252	P 1670 
1671	-17,78538	-63,178014	P 1671 
1672	-17,78724	-63,178686	P 1672 
1673	-17,797273	-63,118565	P 1673 
1674	-17,750128	-63,174824	P 1674 
1675	-17,750004	-63,174795	P 1675 
1676	-17,781287	-63,176498	P 1676 
1677	-17,781106	-63,174861	P 1677 
1678	-17,779128	-63,179098	P 1678 
1679	-17,747551	-63,174242	P 1679 
1680	-17,797074	-63,127156	P 1680 
1681	-17,749846	-63,175757	P 1681 
1682	-17,739306	-63,151064	P 1682 
1683	-17,77513	-63,183391	P 1683 
1684	-17,786529	-63,17884	P 1684 
1685	-17,799265	-63,180256	P 1685 
1686	-17,799448	-63,180217	P 1686 
1687	-17,782498	-63,178337	P 1687 
1688	-17,797541	-63,118591	P 1688 
1689	-17,784565	-63,189026	P 1689 
1690	-17,730033	-63,167509	P 1690 
1691	-17,739642	-63,171289	P 1691 
1692	-17,765209	-63,181359	P 1692 
1693	-17,749502	-63,175499	P 1693 
1694	-17,799074	-63,179555	P 1694 
1695	-17,797965	-63,175352	P 1695 
1696	-17,750405	-63,17508	P 1696 
1697	-17,739123	-63,15095	P 1697 
1698	-17,749749	-63,174836	P 1698 
1699	-17,787741	-63,186242	P 1699 
1700	-17,770586	-63,182578	P 1700 
1701	-17,798173	-63,175324	P 1701 
1702	-17,786093	-63,185694	P 1702 
1703	-17,759598	-63,17914	P 1703 
1704	-17,75959	-63,178973	P 1704 
1705	-17,807366	-63,198623	P 1705 
1706	-17,781988	-63,172276	P 1706 
1707	-17,775534	-63,174558	P 1707 
1708	-17,800408	-63,18573	P 1708 
1709	-17,799125	-63,185933	P 1709 
1710	-17,778446	-63,18824	P 1710 
1711	-17,782451	-63,172197	P 1711 
1712	-17,780187	-63,172513	P 1712 
1713	-17,791028	-63,172511	P 1713 
1714	-17,790871	-63,172311	P 1714 
1715	-17,800902	-63,185407	P 1715 
1716	-17,799332	-63,186095	P 1716 
1717	-17,79978	-63,186018	P 1717 
1718	-17,782882	-63,171189	P 1718 
1719	-17,782936	-63,171782	P 1719 
1720	-17,782709	-63,169487	P 1720 
1721	-17,782287	-63,165213	P 1721 
1722	-17,787795	-63,18644	P 1722 
1723	-17,805294	-63,19904	P 1723 
1724	-17,808654	-63,200463	P 1724 
1725	-17,808532	-63,200286	P 1725 
1726	-17,808208	-63,199817	P 1726 
1727	-17,78812	-63,187282	P 1727 
1728	-17,745071	-63,150618	P 1728 
1729	-17,744517	-63,150258	P 1729 
1730	-17,744324	-63,150133	P 1730 
1731	-17,743489	-63,149592	P 1731 
1732	-17,77447	-63,178838	P 1732 
1733	-17,775219	-63,175748	P 1733 
1734	-17,796887	-63,186508	P 1734 
1735	-17,79559	-63,186499	P 1735 
1736	-17,794474	-63,186675	P 1736 
1737	-17,79283	-63,126729	P 1737 
1738	-17,795798	-63,127018	P 1738 
1739	-17,793913	-63,126806	P 1739 
1740	-17,774665	-63,178818	P 1740 
1741	-17,774868	-63,177036	P 1741 
1742	-17,795628	-63,186691	P 1742 
1743	-17,793778	-63,186786	P 1743 
1744	-17,723789	-63,154912	P 1744 
1745	-17,724397	-63,155199	P 1745 
1746	-17,723213	-63,15461	P 1746 
1747	-17,722963	-63,154485	P 1747 
1748	-17,716321	-63,143707	P 1748 
1749	-17,787892	-63,186668	P 1749 
1750	-17,780408	-63,188962	P 1750 
1751	-17,796353	-63,18638	P 1751 
1752	-17,774833	-63,1763	P 1752 
1753	-17,745722	-63,15104	P 1753 
1754	-17,747511	-63,152201	P 1754 
1755	-17,789103	-63,186398	P 1755 
1756	-17,78407	-63,172145	P 1756 
1757	-17,781214	-63,18879	P 1757 
1758	-17,77568	-63,184553	P 1758 
1759	-17,775314	-63,183376	P 1759 
1760	-17,774991	-63,182281	P 1760 
1761	-17,780853	-63,172419	P 1761 
1762	-17,7932	-63,185751	P 1762 
1763	-17,782552	-63,167772	P 1763 
1764	-17,782454	-63,166903	P 1764 
1765	-17,782631	-63,168626	P 1765 
1766	-17,782792	-63,170335	P 1766 
1767	-17,782374	-63,165954	P 1767 
1768	-17,780258	-63,18602	P 1768 
1769	-17,781022	-63,18593	P 1769 
1770	-17,779963	-63,184061	P 1770 
1771	-17,806078	-63,198273	P 1771 
1772	-17,806721	-63,197673	P 1772 
1773	-17,774527	-63,180879	P 1773 
1774	-17,793085	-63,185863	P 1774 
1775	-17,770582	-63,182383	P 1775 
1776	-17,793155	-63,126733	P 1776 
1777	-17,800051	-63,13517	P 1777 
1778	-17,800711	-63,135225	P 1778 
1779	-17,799417	-63,135113	P 1779 
1780	-17,795159	-63,12695	P 1780 
1781	-17,798161	-63,135022	P 1781 
1782	-17,798782	-63,135072	P 1782 
1783	-17,786312	-63,177796	P 1783 
1784	-17,786982	-63,177644	P 1784 
1785	-17,78739	-63,184373	P 1785 
1786	-17,725021	-63,155483	P 1786 
1787	-17,717519	-63,142889	P 1787 
1788	-17,718622	-63,142077	P 1788 
1789	-17,718074	-63,142504	P 1789 
1790	-17,781499	-63,178509	P 1790 
1791	-17,797528	-63,134966	P 1791 
1792	-17,774798	-63,182294	P 1792 
1793	-17,807268	-63,198485	P 1793 
1794	-17,779772	-63,182965	P 1794 
1795	-17,779521	-63,172609	P 1795 
1796	-17,800138	-63,185956	P 1796 
1797	-17,789727	-63,188699	P 1797 
1798	-17,80779	-63,199229	P 1798 
1799	-17,774701	-63,178039	P 1799 
1800	-17,714779	-63,14468	P 1800 
1801	-17,792233	-63,186996	P 1801 
1802	-17,790455	-63,187233	P 1802 
1803	-17,790604	-63,187434	P 1803 
1804	-17,792977	-63,187107	P 1804 
1805	-17,789776	-63,187556	P 1805 
1806	-17,791769	-63,187274	P 1806 
1807	-17,781819	-63,172484	P 1807 
1808	-17,774944	-63,1821	P 1808 
1809	-17,791654	-63,187289	P 1809 
1810	-17,788808	-63,18514	P 1810 
1811	-17,77475	-63,182112	P 1811 
1812	-17,774487	-63,179944	P 1812 
1813	-17,774733	-63,180949	P 1813 
1814	-17,780457	-63,17877	P 1814 
1815	-17,780137	-63,18517	P 1815 
1816	-17,783103	-63,172051	P 1816 
1817	-17,783016	-63,172404	P 1817 
1818	-17,793737	-63,134595	P 1818 
1819	-17,796825	-63,12714	P 1819 
1820	-17,79499	-63,134715	P 1820 
1821	-17,796442	-63,127088	P 1821 
1822	-17,774694	-63,179929	P 1822 
1823	-17,792472	-63,134467	P 1823 
1824	-17,793095	-63,134523	P 1824 
1825	-17,796274	-63,134845	P 1825 
1826	-17,795613	-63,134771	P 1826 
1827	-17,796893	-63,134893	P 1827 
1828	-17,793375	-63,186783	P 1828 
1829	-17,793487	-63,18704	P 1829 
1830	-17,793408	-63,187153	P 1830 
1831	-17,788777	-63,18791	P 1831 
1832	-17,787582	-63,185345	P 1832 
1833	-17,788624	-63,187739	P 1833 
1834	-17,798614	-63,16846	P 1834 
1835	-17,789582	-63,147125	P 1835 
1836	-17,78961	-63,146476	P 1836 
1837	-17,789863	-63,143936	P 1837 
1838	-17,790142	-63,142404	P 1838 
1839	-17,791752	-63,13439	P 1839 
1840	-17,791411	-63,137152	P 1840 
1841	-17,791467	-63,13655	P 1841 
1842	-17,797014	-63,133647	P 1842 
1843	-17,792184	-63,12667	P 1843 
1844	-17,791956	-63,13302	P 1844 
1845	-17,807737	-63,128401	P 1845 
1846	-17,807781	-63,128512	P 1846 
1847	-17,807695	-63,130247	P 1847 
1848	-17,807532	-63,133053	P 1848 
1849	-17,807167	-63,139215	P 1849 
1850	-17,808947	-63,150297	P 1850 
1851	-17,808095	-63,151237	P 1851 
1852	-17,804396	-63,16568	P 1852 
1853	-17,798474	-63,177339	P 1853 
1854	-17,798627	-63,177306	P 1854 
1855	-17,798957	-63,178512	P 1855 
1856	-17,800084	-63,182479	P 1856 
1857	-17,800844	-63,185715	P 1857 
1858	-17,801044	-63,18602	P 1858 
1859	-17,816117	-63,188363	P 1859 
1860	-17,816832	-63,188227	P 1860 
1861	-17,822485	-63,188692	P 1861 
1862	-17,822889	-63,185217	P 1862 
1863	-17,82251	-63,185109	P 1863 
1864	-17,821587	-63,176717	P 1864 
1865	-17,821921	-63,176516	P 1865 
1866	-17,822582	-63,178315	P 1866 
1867	-17,82419	-63,176843	P 1867 
1868	-17,824198	-63,177034	P 1868 
1869	-17,822663	-63,187403	P 1869 
1870	-17,820923	-63,187551	P 1870 
1871	-17,831378	-63,200693	P 1871 
1872	-17,834667	-63,197629	P 1872 
1873	-17,83792	-63,199821	P 1873 
1874	-17,841463	-63,201258	P 1874 
1875	-17,826453	-63,214305	P 1875 
1876	-17,838441	-63,223992	P 1876 
1877	-17,81502	-63,205055	P 1877 
1878	-17,804278	-63,198887	P 1878 
1879	-17,803851	-63,198935	P 1879 
1880	-17,802101	-63,197383	P 1880 
1881	-17,800231	-63,195268	P 1881 
1882	-17,797908	-63,192641	P 1882 
1883	-17,798148	-63,192892	P 1883 
1884	-17,797097	-63,191661	P 1884 
1885	-17,797271	-63,191644	P 1885 
1886	-17,796115	-63,19028	P 1886 
1887	-17,795543	-63,189632	P 1887 
1888	-17,794736	-63,188725	P 1888 
1889	-17,793736	-63,187611	P 1889 
1890	-17,793354	-63,187424	P 1890 
1891	-17,793205	-63,187171	P 1891 
1892	-17,793126	-63,187101	P 1892 
1893	-17,793185	-63,186796	P 1893 
1894	-17,793071	-63,186873	P 1894 
1895	-17,792258	-63,187208	P 1895 
1896	-17,791643	-63,187061	P 1896 
1897	-17,789761	-63,187347	P 1897 
1898	-17,789173	-63,18754	P 1898 
1899	-17,784292	-63,18905	P 1899 
1900	-17,78218	-63,188791	P 1900 
1901	-17,780613	-63,188744	P 1901 
1902	-17,780582	-63,188976	P 1902 
1903	-17,779434	-63,18857	P 1903 
1905	-17,777208	-63,187425	P 1905 
1906	-17,77677	-63,186943	P 1906 
1907	-17,775904	-63,185855	P 1907 
1908	-17,776044	-63,186155	P 1908 
1909	-17,775584	-63,184808	P 1909 
1910	-17,769239	-63,182426	P 1910 
1911	-17,765999	-63,181661	P 1911 
1912	-17,766427	-63,181831	P 1912 
1913	-17,765594	-63,181499	P 1913 
1914	-17,766283	-63,181599	P 1914 
1915	-17,766766	-63,181797	P 1915 
1916	-17,762696	-63,180348	P 1916 
1917	-17,762074	-63,180123	P 1917 
1918	-17,762648	-63,180173	P 1918 
1919	-17,763384	-63,180462	P 1919 
1920	-17,760758	-63,179524	P 1920 
1921	-17,755882	-63,177508	P 1921 
1922	-17,751707	-63,176094	P 1922 
1923	-17,751792	-63,175863	P 1923 
1924	-17,7507	-63,175403	P 1924 
1925	-17,750596	-63,175651	P 1925 
1926	-17,749106	-63,1751	P 1926 
1927	-17,749228	-63,174865	P 1927 
1928	-17,748275	-63,174496	P 1928 
1929	-17,746187	-63,173704	P 1929 
1930	-17,746043	-63,173821	P 1930 
1931	-17,740426	-63,171655	P 1931 
1932	-17,740586	-63,17172	P 1932 
1933	-17,740505	-63,171437	P 1933 
1934	-17,740664	-63,171498	P 1934 
1935	-17,73916	-63,170974	P 1935 
1936	-17,738236	-63,170609	P 1936 
1937	-17,73623	-63,16995	P 1937 
1938	-17,733613	-63,168909	P 1938 
1939	-17,732297	-63,168459	P 1939 
1940	-17,732362	-63,168249	P 1940 
1941	-17,732048	-63,168354	P 1941 
1942	-17,732111	-63,168156	P 1942 
1943	-17,731264	-63,167817	P 1943 
1944	-17,731208	-63,168027	P 1944 
1945	-17,729269	-63,167209	P 1945 
1946	-17,725081	-63,165638	P 1946 
1947	-17,724913	-63,165571	P 1947 
1948	-17,725171	-63,165412	P 1948 
1949	-17,723062	-63,164781	P 1949 
1950	-17,721429	-63,163989	P 1950 
1952	-17,714704	-63,168823	P 1952 
1953	-17,714817	-63,169081	P 1953 
1954	-17,736681	-63,141615	P 1954 
1955	-17,734835	-63,143622	P 1955 
1956	-17,735016	-63,14383	P 1956 
1957	-17,734637	-63,143654	P 1957 
1958	-17,734488	-63,143766	P 1958 
1959	-17,734504	-63,144008	P 1959 
1960	-17,734762	-63,144166	P 1960 
1961	-17,735144	-63,144121	P 1961 
1962	-17,740951	-63,14785	P 1962 
1963	-17,740891	-63,147951	P 1963 
1964	-17,74112	-63,148111	P 1964 
1965	-17,741176	-63,148019	P 1965 
1966	-17,741645	-63,147241	P 1966 
1967	-17,742065	-63,14875	P 1967 
1968	-17,740246	-63,147517	P 1968 
1969	-17,746609	-63,151616	P 1969 
1970	-17,754674	-63,157224	P 1970 
1971	-17,755759	-63,155792	P 1971 
1972	-17,755965	-63,155532	P 1972 
1973	-17,755474	-63,156684	P 1973 
1974	-17,760021	-63,157471	P 1974 
1975	-17,761117	-63,158225	P 1975 
1976	-17,761166	-63,158148	P 1976 
1977	-17,761661	-63,158594	P 1977 
1978	-17,761739	-63,158545	P 1978 
1979	-17,763453	-63,159563	P 1979 
1980	-17,763804	-63,159876	P 1980 
1981	-17,76368	-63,160054	P 1981 
1982	-17,764815	-63,160624	P 1982 
1983	-17,764951	-63,16122	P 1983 
1984	-17,765041	-63,161054	P 1984 
1985	-17,772674	-63,169581	P 1985 
1986	-17,772851	-63,169544	P 1986 
1987	-17,776141	-63,17387	P 1987 
1988	-17,777672	-63,173017	P 1988 
1989	-17,778254	-63,172873	P 1989 
1990	-17,778043	-63,173177	P 1990 
1991	-17,778291	-63,173097	P 1991 
1992	-17,780992	-63,173818	P 1992 
1993	-17,780875	-63,172619	P 1993 
1994	-17,780978	-63,172604	P 1994 
1995	-17,781047	-63,173752	P 1995 
1996	-17,782795	-63,172136	P 1996 
1997	-17,78831	-63,171294	P 1997 
1998	-17,788835	-63,171254	P 1998 
1999	-17,78958	-63,17159	P 1999 
2000	-17,789759	-63,171443	P 2000 
2001	-17,790878	-63,172693	P 2001 
2002	-17,791053	-63,173076	P 2002 
2003	-17,791363	-63,173439	P 2003 
2004	-17,791626	-63,173228	P 2004 
2005	-17,791246	-63,173629	P 2005 
2006	-17,791357	-63,17438	P 2006 
2007	-17,791249	-63,174408	P 2007 
2008	-17,791487	-63,175829	P 2008 
2009	-17,791598	-63,175807	P 2009 
2010	-17,791617	-63,176648	P 2010 
2011	-17,791724	-63,17663	P 2011 
2012	-17,791778	-63,177601	P 2012 
2013	-17,791764	-63,177707	P 2013 
2014	-17,791821	-63,177868	P 2014 
2015	-17,791926	-63,177837	P 2015 
2016	-17,791889	-63,177666	P 2016 
2017	-17,790542	-63,177956	P 2017 
2018	-17,790419	-63,177981	P 2018 
2019	-17,792085	-63,179528	P 2019 
2020	-17,792189	-63,179513	P 2020 
2021	-17,792244	-63,180494	P 2021 
2022	-17,792346	-63,180479	P 2022 
2023	-17,792375	-63,181312	P 2023 
2024	-17,792484	-63,181293	P 2024 
2025	-17,792604	-63,182624	P 2025 
2026	-17,792712	-63,18261	P 2026 
2027	-17,792746	-63,183532	P 2027 
2028	-17,792829	-63,183335	P 2028 
2029	-17,792865	-63,184312	P 2029 
2030	-17,792989	-63,184322	P 2030 
2031	-17,794502	-63,18687	P 2031 
2032	-17,797966	-63,186377	P 2032 
2033	-17,797609	-63,186182	P 2033 
2034	-17,811074	-63,189821	P 2034 
2035	-17,81289	-63,189636	P 2035 
2036	-17,755212	-63,1565	P 2036 
2037	-17,774651	-63,177061	P 2037 
2038	-17,77453	-63,17783	P 2038 
2039	-17,776064	-63,182064	P 2039 
2040	-17,777506	-63,182587	P 2040 
2041	-17,777355	-63,181212	P 2041 
2042	-17,789441	-63,187715	P 2042 
2043	-17,789529	-63,187634	P 2043 
2044	-17,789109	-63,189831	P 2044 
2045	-17,789623	-63,190605	P 2045 
2046	-17,789737	-63,191711	P 2046 
2047	-17,789843	-63,192036	P 2047 
2048	-17,789692	-63,192072	P 2048 
2049	-17,789769	-63,192306	P 2049 
2050	-17,789871	-63,192294	P 2050 
2051	-17,789863	-63,192484	P 2051 
2052	-17,78985	-63,193086	P 2052 
2053	-17,789998	-63,194134	P 2053 
2054	-17,790081	-63,194117	P 2054 
2055	-17,790096	-63,194707	P 2055 
2056	-17,790162	-63,194409	P 2056 
2057	-17,790565	-63,195854	P 2057 
2058	-17,791167	-63,192042	P 2058 
2059	-17,791237	-63,196902	P 2059 
2060	-17,79149	-63,197491	P 2060 
2061	-17,791892	-63,19843	P 2061 
2062	-17,793306	-63,202199	P 2062 
2063	-17,794705	-63,205056	P 2063 
2064	-17,795093	-63,206064	P 2064 
2065	-17,795286	-63,206925	P 2065 
2066	-17,795917	-63,209733	P 2066 
2067	-17,797814	-63,216356	P 2067 
2068	-17,797908	-63,216775	P 2068 
2069	-17,79785	-63,217143	P 2069 
2070	-17,798686	-63,218387	P 2070 
2071	-17,801129	-63,22466	P 2071 
2072	-17,801706	-63,225916	P 2072 
2073	-17,803889	-63,227153	P 2073 
2074	-17,811815	-63,22952	P 2074 
2075	-17,812841	-63,230057	P 2075 
2076	-17,812924	-63,23024	P 2076 
2077	-17,813116	-63,230457	P 2077 
2078	-17,813446	-63,230373	P 2078 
2079	-17,772328	-63,202902	P 2079 
2080	-17,772517	-63,199871	P 2080 
2081	-17,772911	-63,196667	P 2081 
2082	-17,773255	-63,194938	P 2082 
2083	-17,773396	-63,19379	P 2083 
2084	-17,773383	-63,192907	P 2084 
2085	-17,773504	-63,192931	P 2085 
2086	-17,773496	-63,191661	P 2086 
2087	-17,773637	-63,191694	P 2087 
2088	-17,773534	-63,191332	P 2088 
2089	-17,773732	-63,191375	P 2089 
2090	-17,773426	-63,191464	P 2090 
2091	-17,77399	-63,189061	P 2091 
2092	-17,77385	-63,189065	P 2092 
2093	-17,773809	-63,189384	P 2093 
2094	-17,773652	-63,190726	P 2094 
2095	-17,773943	-63,189434	P 2095 
2096	-17,774246	-63,188957	P 2096 
2097	-17,775089	-63,1763	P 2097 
2098	-17,776695	-63,173422	P 2098 
2099	-17,785379	-63,171726	P 2099 
2100	-17,785551	-63,171633	P 2100 
2101	-17,854212	-63,204139	P 2101 
2102	-17,848378	-63,203488	P 2102 
2103	-17,81922	-63,197861	P 2103 
2104	-17,818264	-63,19959	P 2104 
2105	-17,798022	-63,192508	P 2105 
2106	-17,794999	-63,182438	P 2106 
2107	-17,790669	-63,172084	P 2107 
2108	-17,790688	-63,172426	P 2108 
2109	-17,789891	-63,171715	P 2109 
2110	-17,785384	-63,169256	P 2110 
2111	-17,786588	-63,166511	P 2111 
2112	-17,786745	-63,166571	P 2112 
2113	-17,790734	-63,163585	P 2113 
2114	-17,787961	-63,161981	P 2114 
2115	-17,788176	-63,161953	P 2115 
2116	-17,787947	-63,162793	P 2116 
2117	-17,788223	-63,162183	P 2117 
2118	-17,788822	-63,162254	P 2118 
2120	-17,784735	-63,157425	P 2120 
2121	-17,785192	-63,157034	P 2121 
2122	-17,784999	-63,157777	P 2122 
2123	-17,784963	-63,158788	P 2123 
2124	-17,785377	-63,160151	P 2124 
2125	-17,785834	-63,160767	P 2125 
2126	-17,786794	-63,161762	P 2126 
2127	-17,785435	-63,156697	P 2127 
2128	-17,785538	-63,155643	P 2128 
2129	-17,785568	-63,154834	P 2129 
2130	-17,785313	-63,153006	P 2130 
2131	-17,785211	-63,152577	P 2131 
2132	-17,785595	-63,15267	P 2132 
2133	-17,785457	-63,148513	P 2133 
2134	-17,784987	-63,147749	P 2134 
2135	-17,786522	-63,147866	P 2135 
2136	-17,788715	-63,148037	P 2136 
2137	-17,785373	-63,152226	P 2137 
2138	-17,785498	-63,153339	P 2138 
2139	-17,797149	-63,12091	P 2139 
2140	-17,812023	-63,11634	P 2140 
2141	-17,813572	-63,110648	P 2141 
2142	-17,813246	-63,115731	P 2142 
2143	-17,818105	-63,110028	P 2143 
2144	-17,817912	-63,109913	P 2144 
2145	-17,81389	-63,137021	P 2145 
2146	-17,811762	-63,144278	P 2146 
2147	-17,811515	-63,143969	P 2147 
2148	-17,811283	-63,145972	P 2148 
2149	-17,802067	-63,162245	P 2149 
2150	-17,800468	-63,160875	P 2150 
2151	-17,798657	-63,169978	P 2151 
2152	-17,798085	-63,167926	P 2152 
2153	-17,797905	-63,16745	P 2153 
2154	-17,797171	-63,16687	P 2154 
2155	-17,79662	-63,166626	P 2155 
2156	-17,795876	-63,166467	P 2156 
2157	-17,794956	-63,166472	P 2157 
2158	-17,794215	-63,166049	P 2158 
2159	-17,78952	-63,1632	P 2159 
2160	-17,78943	-63,164829	P 2160 
2161	-17,784822	-63,158802	P 2161 
2162	-17,784527	-63,157823	P 2162 
2164	-17,797926	-63,174381	P 2164 
2165	-17,796338	-63,166712	P 2165 
2166	-17,797706	-63,167473	P 2166 
2167	-17,794752	-63,161444	P 2167 
2168	-17,791068	-63,162686	P 2168 
2169	-17,801025	-63,140743	P 2169 
2170	-17,734708	-63,13948	P 2170 
2171	-17,722213	-63,141237	P 2171 
2172	-17,722849	-63,144725	P 2172 
2173	-17,723059	-63,144818	P 2173 
2174	-17,724357	-63,142726	P 2174 
2175	-17,718991	-63,146405	P 2175 
2176	-17,719963	-63,15299	P 2176 
2177	-17,72801	-63,156943	P 2177 
2178	-17,727789	-63,158305	P 2178 
2179	-17,728088	-63,158515	P 2179 
2180	-17,72741	-63,159328	P 2180 
2181	-17,825876	-63,213454	P 2181 
2182	-17,82446	-63,211597	P 2182 
2183	-17,821546	-63,208917	P 2183 
2184	-17,789923	-63,19214	P 2184 
2185	-17,771331	-63,208986	P 2185 
2186	-17,772141	-63,204488	P 2186 
2187	-17,771944	-63,204568	P 2187 
2188	-17,786415	-63,108425	P 2188 
2189	-17,777122	-63,108371	P 2189 
2190	-17,779398	-63,114256	P 2190 
2191	-17,785803	-63,175597	P 2191 
2192	-17,791421	-63,182788	P 2192 
2194	-17,813243	-63,13259	P 2194 
2195	-17,82556	-63,132301	P 2195 
2196	-17,794423	-63,20461	P 2196 
2197	-17,795199	-63,206047	P 2197 
2198	-17,795212	-63,205756	P 2198 
2199	-17,784241	-63,188815	P 2199 
2200	-17,777933	-63,172923	P 2200 
2201	-17,777751	-63,173193	P 2201 
2202	-17,777115	-63,173433	P 2202 
2203	-17,776101	-63,174184	P 2203 
2204	-17,775563	-63,174974	P 2204 
2205	-17,775402	-63,174619	P 2205 
2206	-17,775363	-63,174678	P 2206 
2207	-17,775373	-63,174873	P 2207 
2208	-17,776212	-63,182123	P 2208 
2209	-17,778801	-63,183052	P 2209 
2210	-17,777905	-63,18797	P 2210 
2211	-17,777885	-63,18974	P 2211 
2212	-17,777484	-63,189969	P 2212 
2213	-17,779408	-63,188779	P 2213 
2214	-17,775916	-63,189085	P 2214 
2215	-17,773746	-63,182358	P 2215 
2216	-17,785411	-63,171954	P 2216 
2217	-17,797647	-63,186385	P 2217 
2218	-17,797929	-63,186074	P 2218 
2219	-17,798103	-63,186052	P 2219 
2220	-17,798158	-63,186334	P 2220 
2221	-17,798306	-63,186079	P 2221 
2222	-17,799616	-63,181638	P 2222 
2223	-17,797893	-63,17497	P 2223 
2224	-17,798179	-63,172847	P 2224 
2225	-17,797155	-63,167051	P 2225 
2226	-17,794637	-63,162429	P 2226 
2227	-17,794733	-63,162253	P 2227 
2228	-17,794846	-63,1621	P 2228 
2229	-17,794769	-63,161246	P 2229 
2231	-17,794436	-63,161972	P 2231 
2232	-17,794913	-63,160253	P 2232 
2233	-17,794929	-63,159854	P 2233 
2234	-17,789795	-63,145698	P 2234 
2235	-17,785597	-63,154072	P 2235 
2236	-17,787629	-63,163415	P 2236 
2237	-17,787653	-63,162366	P 2237 
2238	-17,791741	-63,162787	P 2238 
2239	-17,789901	-63,162392	P 2239 
2240	-17,788865	-63,162117	P 2240 
2241	-17,785321	-63,160294	P 2241 
2242	-17,772103	-63,20356	P 2242 
2243	-17,772183	-63,20356	P 2243 
2244	-17,772273	-63,20389	P 2244 
2245	-17,772097	-63,20288	P 2245 
2246	-17,772452	-63,202792	P 2246 
2247	-17,772484	-63,202551	P 2247 
2248	-17,772367	-63,202397	P 2248 
2249	-17,772345	-63,202216	P 2249 
2250	-17,7722	-63,202228	P 2250 
2251	-17,772031	-63,202448	P 2251 
2252	-17,772415	-63,20153	P 2252 
2253	-17,772635	-63,199869	P 2253 
2254	-17,773039	-63,196661	P 2254 
2255	-17,770857	-63,179112	P 2255 
2256	-17,770566	-63,179284	P 2256 
2257	-17,760199	-63,17922	P 2257 
2258	-17,761318	-63,179828	P 2258 
2259	-17,757401	-63,17829	P 2259 
2260	-17,733636	-63,168807	P 2260 
2261	-17,720367	-63,163723	P 2261 
2262	-17,715393	-63,165794	P 2262 
2263	-17,742436	-63,148912	P 2263 
2264	-17,74768	-63,152334	P 2264 
2265	-17,747896	-63,152557	P 2265 
2266	-17,747807	-63,152647	P 2266 
2267	-17,754884	-63,157487	P 2267 
2268	-17,756155	-63,155146	P 2268 
2269	-17,759958	-63,157301	P 2269 
2270	-17,760575	-63,157748	P 2270 
2271	-17,760539	-63,157824	P 2271 
2272	-17,763168	-63,159496	P 2272 
2273	-17,792534	-63,162747	P 2273 
2274	-17,794817	-63,166358	P 2274 
2275	-17,794977	-63,1823	P 2275 
2276	-17,794975	-63,205826	P 2276 
2277	-17,794807	-63,204984	P 2277 
2278	-17,793495	-63,187344	P 2278 
2279	-17,812168	-63,136785	P 2279 
2280	-17,812237	-63,136467	P 2280 
2281	-17,812172	-63,136412	P 2281 
2282	-17,81251	-63,131189	P 2282 
2283	-17,812558	-63,130421	P 2283 
2284	-17,812614	-63,129627	P 2284 
2285	-17,812665	-63,12902	P 2285 
2286	-17,812704	-63,128791	P 2286 
2287	-17,81275	-63,128447	P 2287 
2288	-17,816011	-63,138315	P 2288 
2289	-17,817907	-63,139271	P 2289 
2290	-17,812618	-63,126341	P 2290 
2291	-17,810668	-63,11915	P 2291 
2292	-17,807652	-63,133064	P 2292 
2293	-17,807804	-63,130256	P 2293 
2294	-17,825109	-63,131508	P 2294 
2295	-17,824925	-63,131628	P 2295 
2296	-17,805264	-63,198199	P 2296 
2297	-17,804886	-63,198507	P 2297 
2298	-17,812879	-63,189936	P 2298 
2299	-17,813379	-63,113529	P 2299 
